tt,id_bv,name,khoa,gio_kham_bt,gio_kham_ng,gio_kham_dv,kham_dv,ghi_chu,nguoi_dien,link,,,,,,,,,,,,,,,,,,
1,ĐK BVTP1,Bệnh viện Đa khoa Sài Gòn,"Khoa khám bệnh
Khoa nội tổng hợp
Khoa ngoại tổng hợp
Khoa chấn thương chỉnh hình - Bỏng
Khoa cấp cứu hồi sức
Khoa Y học cổ truyền
Khoa xét nghiệm
Khoa dược
Khoa kiểm soát nhiễm khuẩn
khoa dinh dưỡng
Khoa Phẫu Thuật - GMHS
Khoa Chuẩn đoán hình ảnh","7:30 AM - 11:30 AM
1:30 PM - 4:00 PM",,,1,,Thảo Lê,http://benhviendakhoasaigon.vn/index.aspx,,,,,,,,,,,,,,,,,,
2,ĐK BVTP2,Bệnh viện Nguyễn Tri Phương,"Khoa Cấp cứu
Khoa Hồi sức tích cực và chống độc
Khoa Nội tim mạch
Khoa Nội hô hấp
Khoa Nội tiêu hóa
Khoa Nội cơ xương khớp
Khoa Y học cổ truyền – Vật lý trị liệu – Phục hồi chức năng
Khoa Nội thận – nội tiết
Khoa Nội thần kinh
Khoa Lão khoa
Khoa Nhi khoa
Khoa Nội tiết
Khoa Ngoại khoa
Khoa Ngoại thần kinh
Khoa Ngoại chấn thương
Khoa Sản
Khoa Nội tổng hợp
Khoa Phẫu thuật tạo hình thầm mỹ","7:30 AM - 12:00 PM
1:00 PM - 4:30 PM",Thứ 7: 7:30 AM - 3:30 PM,,1,"Có khám tại nhà, có thể đặt lịch hẹn trước qua app GlobeDr",Thảo Lê,https://bvnguyentriphuong.com.vn/,,,,,,,,,,,,,,,,,,
3,ĐK BVTP3,Bệnh viện An Bình,"Khoa điều trị Khoa Dược
Điều trị Khoa Ngoại tổng hợp
Khoa điều trị Khoa Mắt
Khoa Sản
Điều trị và chẩn đoán hình ảnh
Khoa điều trị Răng Hàm Mặt
Khoa Cấp cứu
Điều trị Khoa Vật lý trị liệu
Khoa Dinh dưỡng
Khoa nội tiêu hóa
Nội tiết...","7:30 AM - 11:30 AM
1:30 PM - 4:30 PM","5:30 AM - 7:00 AM
11:30 AM - 1:00 PM
4:30 PM - 9:00 PM
Thứ bảy, chủ nhật: 7:00 AM - 11:30 AM",,1,,Thảo Lê,https://www.benhvienanbinh.vn/,,,,,,,,,,,,,,,,,,
4,ĐK BVTP4,Bệnh viện Điều dưỡng – Phục hồi chức năng – Điều trị bệnh nghề nghiệp,"Các chuyên khoa bệnh viện Phục hồi chức năng
Khoa Lâm sàng
Khoa Khám bệnh
Khoa Cấp cứu
Khoa Hồi sức tích cực – Chống độc
Khoa Vật lý trị liệu – Phục hồi chức năng, gồm có:
Khoa Phục hồi chức năng tổn thương tủy sống
Khoa Bệnh nghề nghiệp
Khoa Tim mạch
Khoa Nội tiết – Tiêu hóa
Khoa Lão khoa
Khoa Thần kinh – Sọ não
Khoa Ngoại – Chỉnh hình
Khoa Phẫu thuật – Gây mê hồi sức
Khoa Y Dược cổ truyền
Khoa Mắt – Tai mũi họng – Răng hàm mặt
Khoa Dinh dưỡng – Tiết chế
Khoa Cận lâm sàng
Khoa Chẩn đoán hình ảnh và thăm dò chức năng
Khoa Xét nghiệm
Khoa Kiểm soát nhiễm khuẩn
Khoa Dược
Xưởng sản xuất dụng cụ trợ giúp","7:30 AM - 12:00 PM
1:00 PM - 4:30 PM",,,1,Cấp cứu 24/24,Thảo Lê,http://bvphuchoichucnanghcm.vn/chuyen-khoa/23,,,,,,,,,,,,,,,,,,
5,ĐK BVTP5,Bệnh viện Nhân Dân 115,"Khoa chẩn đoán hình ảnh, Khoa Tim mạch tổng quát, Khoa Thận nội - lọc máu & miễn dịch ghép, Khoa Hồi sức tim mạch, Khoa Nội tiêu hóa gan mật, Khoa Dược, Khoa Khám Bệnh, khoa Nội tiết, Khoa Cơ - Xương - Khớp, Khoa Y học cổ truyền - Phục hồi chức năng. Khoa ngoại với các chuyên khoa: Khoa Ngoại Thần kinh chấn thương, Khoa Ngoại tổng quát, Khoa Ngoại niệu - ghép thận, Khoa Ngoại Chấn Thương Chỉnh Hình, Khoa Ngoại Lồng ngực mạch máu, Khoa Phẫu thuật tim, Khoa Y học thể thao.","7:00 AM - 12:00 PM
1:00 PM - 4:00 PM",,,1,Sáng nhận bệnh sớm hơn 15p,Thảo Lê,http://benhvien115.com.vn/khoa,,,,,,,,,,,,,,,,,,
6,ĐK BVTP6,Bệnh viện Trưng Vương,"Khoa Khám bệnh
Khoa Cấp cứu
Hồi sức tích cực
Khoa Phụ sản
Khoa Nhi
Hô hấp
Tiêu hóa
Khoa Thận – Thận nhân tạo
Khoa Nội tiết – Tổng hợp
Ngoại tổng hợp
Khoa Nhiễm
Khoa Nội thần kinh
Chấn thương chỉnh hình
Khoa Bỏng – Tạo hình thẩm mỹ
Khoa Mắt
Tai Mũi Họng
Khoa Phẫu thuật – Gây mê hồi sức
Khoa Xét nghiệm
Chuẩn đoán hình ảnh
Khoa Kiểm soát nhiễm khuẩn
Khoa Dược","6:00 AM - 11:00 AM
1:00 PM - 4:30 PM
Thứ bảy: 7:0 AM - 2:00 PM",,,1,"bệnh viện có các chuyên khoa thế mạnh liên quan đến ngoại khoa như: phẫu thuật nội soi; phẫu thuật cắt túi mật, gan, dạ dày. Phẫu thuật điều trị niệu khoa, tuyến giáp, chỉnh hình cột sống, mạch máu…",Thảo Lê,https://bvtrungvuong.vn/,,,,,,,,,,,,,,,,,,
7,ĐK BVTP7,Bệnh viện Nhi đồng 2,"Khối lâm sàng ngoại: 
Phẫu thuật gây mê
Ngoại tổng hợp
Ngoại thần kinh
Bỏng – Chỉnh hình
Khoa Niệu
Tai mũi họng
Khối lâm sàng nội:
Cấp cứu
Sơ sinh
Hồi sức sơ sinh
Hồi sức
Tiêu hóa
Nội tổng hợp
Khám bệnh
Phòng khám
Tâm lý – Phòng khám theo yêu cầu chất lượng cao
Sức khỏe trẻ em
Ung bướu Huyết học
Nhiễm
Thận – Nội tiết
Thần kinh
Tim mạch
Nội 1, 2, 3
Hô hấp 1, 2
Điều trị trong ngày
Khối cận lâm sàng:
Chẩn đoán hình ảnh
Kiểm soát nhiễm khuẩn
Dược
Xét nghiệm huyết học
Dinh dưỡng.","7:30 AM - 11:00 AM
1:00 PM - 4:00 PM
4:30 PM - 7:30 PM","Thứ bảy, chủ nhật: 
7:30 AM - 11:00 AM
1:00 PM - 4:00 PM
4:30 PM - 7:30 PM",,1,Chuyên môn về bệnh nhi,Thảo Lê,http://www.benhviennhi.org.vn/,,,,,,,,,,,,,,,,,,
8,ĐK BVTP8,Bệnh viện Nhi Đồng 1,"Khoa Sơ sinh
Khoa Tim mạch
Khoa Hô hấp – Suyễn
Khoa Dị ứng miễn dịch
Khoa Sốt xuất huyết – Huyết học
Khoa Thận
Khoa Nội tiết
Khoa Nhiễm
Khoa Thần kinh
Khoa Da liễu
Khoa Dinh dưỡng
Khoa Tiêu hóa
Khoa Tai – Mũi – Họng
Khoa Mắt
Khoa Ngoại tổng quát
Khoa Khám theo hẹn Ngoại khoa
Khoa Hẹn mổ và nhập viện Ngoại khoa
Khoa Hội chẩn Ngoại khoa
Khoa Ngoại tiết niệu
Khoa Ngoại sơ sinh
Khoa Ung bướu
Khoa Ngoại tiêu hóa – Gan mật
Khoa Bướu máu, phỏng, tạo hình
Khoa Chỉnh hình
Khoa Tiêm chủng
Khoa Tâm lý
Khoa Răng – Hàm – Mặt
Khoa Vật lý trị liệu
Khoa Ngôn ngữ trị liệu","7:00 AM - 11:30 AM
1:00 PM - 4:00 PM",4:00 PM - 8:00 PM,,1,"Bệnh viện nhi, 5:00 AM phát số thứ tự",Thảo Lê,https://nhidong.org.vn/Index.aspx,,,,,,,,,,,,,,,,,,
9,ĐK BVTP9,Bệnh viện Nhi Đồng Thành phố,"khoa lâm sàng: Khoa Khám bệnh, Khoa Cấp cứu, khoa Nội tổng hợp,  khoa Hô hấp, khoa Tiêu hóa, khoa Dược, khoa Kiểm soát nhiễm khuẩn. Khối Cận lâm sàng gồm các Khoa Chẩn đoán hình ảnh, Khoa Huyết học, Sinh hoá, Vi sinh","7:00 AM - 11:30 AM
11:00 AM - 1:0 PM
12:30 PM - 4:00 PM
Tăng cường: 4:00 PM - 7:30 PM",,,1,,Thảo Lê,https://bvndtp.org.vn/,,,,,,,,,,,,,,,,,,
10,ĐK BVTP10,Bệnh viện Nhân dân Gia Định,"Các chuyên khoa khối nội bao gồm:
+ Khoa Tim Mạch Can Thiệp – DSA.
+  Khoa Nội Tiêu Hóa.
+ Hồi Sức Tích Cực Chống Độc.
+ Khoa Lão Học.
+ Nội Hô Hấp – Cơ Xương Khớp.
+ Khoa Nội Tiết – Thận Niệu.
+ Nội Thần Kinh – Huyết Học.
+ Khoa Nội Tim Mạch.
Chuyên khoa khối ngoại
+  Khoa Phẫu Thuật Tim.
+ Khoa Phẫu Thuật – Gây Mê – Hồi Sức
+  Ngoại Chấn Thương Chỉnh Hình
+ Khoa Tổng Hợp
+  Khoa Ngoại Tiêu Hóa
+  Ngoại Thận – Tiết Niệu
+ Ngoại Lồng Ngực – Mạch Máu
+  Khoa Ngoại Thần Kinh
Chuyên khoa khối sản
+ Khoa Sản Bệnh
+  Phụ Khoa
+  Sản Thường
+ Khoa Sanh
+ Tổ khám sản
Chuyên khoa khối nhi
+ Khoa Bệnh Lý Sơ Sinh.
+  Khoa Nhi.
Các chuyên khoa khác
+ Khoa Tai Mũi Họng
+ Răng Hàm Mặt
+  Khoa Mắt
Các khoa tiếp nhận của bệnh viện Nhân Dân Gia Định
+ Khoa cấp cứu
+  Khoa khám bệnh","7:00 AM - 11:30 AM
1:00 PM - 4:00 PM","Trong tuần: 4:00 PM - 7:00 PM
Cuối tuần: 7:30 AM - 11:30 AM",,1,,Thảo Lê,http://bvndgiadinh.org.vn/home/about/,,,,,,,,,,,,,,,,,,
11,ĐK BVTP11,Bệnh viện đa khoa khu vực Củ Chi,"Khoa Nội Tổng quát
Khoa Nội Thần kinh
Khoa Nội Tim mạch
Khoa Ngoại Thần kinh
Khoa Ngoại Chỉnh hình
Khoa Ngoại Tổng quát
Khoa Dược
Khoa Sản
Khoa Nhi
Khoa Thận Nhân tạo
Khoa Chẩn đoán hình ảnh
Khoa Xét nghiệm
Khoa Kiểm soát nhiễm khuẩn
Khoa Dinh dưỡng tiết chế
Khoa Y học Cổ truyền
Khoa Khám bệnh
Khoa Phẫu thuật gây mê hồi sức
Khoa ICU (Hồi sức tích cực và chống độc)
Khoa Cấp cứu
Khoa Liên chuyên khoa.","7:00 AM - 11:30 AM
1:00 PM - 4:30 PM",,,1,,Thảo Lê,,,,,,,,,,,,,,,,,,,
12,ĐK BVTP12,Bệnh viện đa khoa khu vực Hóc Môn,"Khoa Nội Thận
Khoa Nội Thần kinh
Khoa Nhi
Khoa Chẩn đoán hình ảnh
Khoa Cấp cứu tổng hợp
Khoa Khám bệnh
Khoa Hồi sức Tổng hợp và Chống độc
Khoa Nội Tim mạch Lão học
Khoa Nội tổng hợp
Khoa Phụ sản
Khoa Nội tiết
Khoa Ngoại Chỉnh hình bỏng
Khoa Phẫu thuật gây mê hồi sức
Khoa Ngoại tổng quát
Khoa Liên chuyên khoa
Khoa Vật lý trị liệu và Phục hồi chức năng
Khoa Y học cổ truyền
Khoa Xét nghiệm
Khoa Kiểm soát nhiễm khuẩn
Khoa Dược
Tổ Dinh dưỡng, tiết chế.","6:30 AM - 11:30 AM
1:00 PM - 4:00 PM","6:30 AM - 11:30 AM
",,1,,Thảo Lê,http://bvdkhocmon.vn/,,,,,,,,,,,,,,,,,,
13,ĐK BVTP13,Bệnh viện Đa khoa Khu vực Thủ Đức,"Khối cận lâm sàng
+, Khoa chẩn đoán hình ảnh

+, Kiểm soát nhiễm khuẩn

+, Khoa xét nghiệm

+, Khoa dược

+, Đơn vị dinh dưỡng

Khối ngoại
+, Ngoại tổn hợp

+, Ngoại thần kinh

+, Chấn thương chỉnh hình

+, Gây mê hồi sức

+, Khoa sản

+, Khoa mắt

+, Tai- Mũi- Họng

+, Khoa răng hàn mặt

Khối nội
+, Khoa khám bệnh

+, Hồi sức TC- CĐ

+, Khoa cấp cứu

+, Khoa nội tim mạch

+, Nội tổng hợp

+, Khoa nội tiêu hóa

+, Nội thận- Tiết niệu

+, Nội tiết

+, Khoa nhi

+, Khoa nhiễm

+, Y học cổ truyền","Thứ 2 - thứ 7: 7:00 AM - 12:00 PM
1:00 PM - 4:00 PM",,,1,,Thảo Lê,http://www.benhvienkhuvucthuduc.vn/gioi-thieu/,,,,,,,,,,,,,,,,,,
14,ĐK BVQH1,Bệnh viện Quận Thủ Đức,"Khối cận lâm sàng:
Khoa chuẩn đoán hình ảnh
Huyết học truyền máu
Khoa sinh hóa
Khoa vi sinh
Khối hậu cần
Phòng vật tư- Trang thiết bị y tế
Khoa kiểm soát miễn dịch
Khoa dược
Khối hồi sức:
Khoa cấp cứu
Nội thận- thận nhân tạo
Hồi sức tích cực- chống độc A
Khối ngoại
Khoa sản
Gây mê- hồi sức
Khoa mắt
Ngoại chấn thương chỉnh hình
Răng- Hàm- Mặt
Ngoại lồng ngực- mạch máu
Khoa ngoại thần kinh
Tai- Mũi- Họng
Khối nội
Khoa da liễu
Dinh dưỡng
Nội tiết
Y học cổ truyền- Vật lý trị liệu
Khoa nội thần kinh
Nội tổng hợp
Nội tim mạch não học
Dinh dưỡng tiết chế
Khoa khám bệnh
Dịch vụ
Khoa nhi","6:30 AM - 11:00 AM
1:00 PM - 4:30 PM",,,1,Nghỉ cuối tuần,Thảo Lê,https://benhvienthuduc.vn/,,,,,,,,,,,,,,,,,,
15,ĐK BVQH2,Bệnh viện Quận 1,"Khoa Khám bệnh
Khoa Cấp cứu
Khoa Cấp cứu hồi sức chống độc
Khoa Nội tiết
Khoa Nội nhi
Khoa sản
Khoa Tiểu phẫu
Khoa Thẩm mỹ
Khoa Tai Mũi Họng
Khoa Răng Hàm Mặt
Khoa Da liễu
Khoa Vật lý trị liệu
Khoa Điện tim
Khoa Điện tim
Khoa Chích ngừa
Khoa Nội soi
Khoa Chuẩn đoán hình ảnh
Khoa Xét nghiệm
Khoa Siêu âm.","7:00 AM - 11:30 AM
1:00 PM - 4:30 PM",Thứ 7,,1,,Thảo Lê,https://bvq1.vn/,,,,,,,,,,,,,,,,,,
16,ĐK BVQH3,Bệnh viện Quận 2,"Khoa Cấp Cứu
Khoa Khám Bệnh
Khoa Thận Nhân Tạo
Ngoại Chấn Thương Chỉnh Hình
Khoa Ngoại
Nội Tổng Hợp
Khoa Sản
Gây Mê Hồi Sức
Khoa Hồi Sức Tích Cực Chống Độc
Khoa Dược
Dinh Dưỡng
Khoa Xét Nghiệm
Khoa Nội Tim Mạch
Chẩn Đoán Hình Ảnh Thăm Dò Chức Năng","7:00 AM - 11:30 AM
1:00 PM - 4:30 PM",,"Thứ 2, 4, 6: 4:30 PM - 7:00 PM",1,Không khám chủ nhật,Thảo Lê,https://benhvienquan2.vn/,,,,,,,,,,,,,,,,,,
17,ĐK BVQH4,Trung tâm Y tế Quận 3 - Cơ sở 1,"Khoa ngoại tổng quát
Khoa nội tổng quát
Khoa Hồi sức cấp cứu
Khoa Thận tiết niệu
Khoa Tai Mũi Họng
Khoa Răng – Hàm – Mặt
Khoa Mắt
Khoa Da Liễu
Khoa Gây mê hồi sức
Khoa Xét nghiệm
Khoa Chẩn đoán hình ảnh
Khoa Dược","7:00 AM - 11:30 AM
1:00 PM - 4:30 PM",,,1,"Nghỉ thứ bảy, chủ nhật",Thảo Lê,http://trungtamytequan3.medinet.gov.vn/Default.aspx?desktop=1,,,,,,,,,,,,,,,,,,
18,ĐK BVQH5,Bệnh viện Quận 4,"Khoa Khám bệnh
Khoa Cấp cứu
Khoa Xét nghiệm
Khoa Chẩn đoán hình ảnh
Khoa Nội
Khoa Ngoại
Khoa Sản
Liên Chuyên khoa
Khoa Y học cổ truyền
Khoa Chống nhiễm khuẩn
Khoa Dược
Khoa Nhi
Khoa Dinh dưỡng",6:30 AM - 4:30 PM,"4:30 PM - 6:00 PM
Thứ 7: 7:00 AM - 11:30 AM
1:30 PM - 4:00 PM",,1,,Thảo Lê,http://benhvienquan4.vn/,,,,,,,,,,,,,,,,,,
19,ĐK BVQH6,Bệnh viện Quận 5,"Khoa Cấp Cứu
Khoa Chẩn Đoán Hình Ảnh
Khoa Nội Tổng Quát
Khoa Tai Mũi Họng
Khoa Y Học Cổ Truyền
Nha Khoa
Nhãn Khoa
Nhi Khoa
Phụ Khoa
Sản Khoa","7:30 AM - 5:00 PM
Thứ 7: 8:00 AM - 11:00 AM",,,1,,Thảo Lê,,,,,,,,,,,,,,,,,,,
20,ĐK BVQH7,Bệnh viện Quận 6,"Khoa cấp cứu, hồi sức tích cực và chống độc.
Khoa nội
Chuyên khoa ngoại
Khoa sản
Khoa nhi
Chuyên khoa khám bệnh
Khoa y học cổ truyền
Chuyên khoa dược
Khoa xét nghiệm – chẩn đoán hình ảnh
Kiểm soát nhiễm khuẩn
Khoa dinh dưỡng","7:00 AM - 11:30 AM
1:00 PM - 4:30 PM",7:30 AM - 11:00 AM,,1,,Thảo Lê,http://bvquan6.medinet.gov.vn/gioi-thieu-c1605.aspx,,,,,,,,,,,,,,,,,,
21,ĐK BVQH8,Bệnh viện Quận 7,"Khoa liên chuyên khoa
khoa sản
khoa nội
khoa ngoại
khoa nhi
khoa cận lâm sàng
khoa dược
khoa dinh dưỡng","7:00 AM - 11:30 AM
1:00 PM - 4:30 PM",,,1,Không làm cuối tuần,Thảo Lê,http://www.benhvienquan7.com.vn/,,,,,,,,,,,,,,,,,,
22,ĐK BVQH9,Bệnh viện Quận 8,"Khoa khám bệnh
Khoa liên chuyên khoa
Đơn vị thận nhân tạo
Khoa nội tổng quát
Khoa ngoại tổng quát
Khoa sản
Khoa nhi – nhiễm
Khoa Y học cổ truyền – Vật lý trị liệu
Khoa dinh dưỡng
Khoa cận lâm sàng
Khoa kiểm soát nhiễm khuẩn
Khoa Dược","7:00 AM - 11:30 AM
1:00 PM - 4:30 PM",7:00 AM - 11:30 AM,,1,,Thảo Lê,http://bvquan8.medinet.gov.vn/,,,,,,,,,,,,,,,,,,
23,ĐK BVQH10,Bệnh viện Quận 9,"Khoa cấp cứu
Khoa sản
Khám bệnh
Khoa nhi
Nội tổng hợp
Nội thận lọc máu
Liên khoa Mắt- Tai- Mũi- Họng
Ngoại khoa tổng hợp
Răng- Hàm- Mặt
Khoa dược
Chuẩn đoán hình ảnh
Khoa xét nghiệm","7:00 AM - 11:30 AM
1:00 PM - 4:30 PM",7:00 AM - 11:30 AM,,1,Nghỉ chủ nhật,Thảo Lê,http://bvquan9.medinet.gov.vn/,,,,,,,,,,,,,,,,,,
24,ĐK BVQH11,Bệnh viện Quận 10,"Khoa Cấp Cứu
Khoa Chẩn Đoán Hình Ảnh
Khoa Da Liễu
Khoa Dược
Khoa Ngoại Tổng Quát
Khoa Nội Tổng Quát
Khoa Nội Tuần Hoàn
Khoa Tai Mũi Họng
Khoa Thận - Nội tiết
Khoa Y Học Cổ Truyền
Lão Khoa
Nha Khoa
Nhãn Khoa
Nhi Khoa
Sản Khoa",7:00 AM - 5:00 PM,7:00 AM - 11:30 AM,,1,,Thảo Lê,http://bvquan10.medinet.gov.vn/,,,,,,,,,,,,,,,,,,
25,ĐK BVQH12,Bệnh viện Quận 11,"Khoa Nội Thần kinh.
Khoa Cấp cứu. 
Khoa Nội tổng hợp.
Khoa phụ sản. 
Khoa Nhi. 
Khoa Ngoại Tổng quát.
Khoa Ngoại Chấn Thương Chỉnh Hình.
Khoa Y học cổ truyền - Phục hồi chức năng.","7:00 AM - 11:30 AM
1:00 PM - 4:30 PM","Thứ 7: 7:00 AM - 11:30 AM
1:00 PM - 9:00 PM
Chủ nhật: 7:00 AM - 11:30 AM",,1,,Thảo Lê,http://benhvienquan11.vn/,,,,,,,,,,,,,,,,,,
26,ĐK BVQH13,Bệnh viện Quận 12,"Khoa cấp cứu- hồi sức tích cực- chống độc
Khoa khám bệnh ngoại trú
Khoa Nội tổng quát
Khoa nhi
Ngoại tổng quát- Khoa phẫu thuật và gây mê hồi sức
Y học cổ truyền- vật lý trị liệu
Sản phụ khoa
Xét nghiệm và chuẩn đoán hình ảnh
Thanh trùng và phòng chống nhiễm khuẩn
Khoa dược","7:00 AM - 11:30 AM
1:00 PM - 4:30 PM",,,1,Nghỉ cuối tuần,Thảo Lê,https://benhvienquan12.vn/index.php/gioi-thieu/cac-khoa,,,,,,,,,,,,,,,,,,
27,ĐK BVQH14,Bệnh viện huyện Bình Chánh,"Khoa Cấp Cứu
Khoa Chẩn Đoán Hình Ảnh
Khoa Dược
Khoa Gây Mê
Khoa Ngoại Tổng Quát
Khoa Nội Tổng Quát
Khoa Phục Hồi Chức Năng
Khoa Tai Mũi Họng
Khoa Truyền Nhiễm
Khoa Ung Bướu
Khoa Xét Nghiệm
Khoa Y Học Cổ Truyền
Nha Khoa
Nhãn Khoa
Nhi Khoa
Sản Khoa","7:00 AM - 11:30 AM
1:00 PM - 4:30 PM",,,1,,Thảo Lê,http://www.binhchanhhospital.vn/,,,,,,,,,,,,,,,,,,
28,ĐK BVQH15,Bệnh viện quận Bình Tân,"Khoa khám bệnh
Khoa cấp cứu
Hồi sức tích cực chống độc
Khoa nội tổng quát
Khoa ngoại
Tiêm chủng
Khoa Nhi
Khoa sản
Xét nghiệm
Khoa siêu âm
Khoa nội soi
Chẩn đoán hình ảnh","7:00 AM - 11:00 AM
1:00 PM - 4:30 PM",,,1,,Thảo Lê,http://bvbinhtan.vn/,,,,,,,,,,,,,,,,,,
29,ĐK BVQH16,Bệnh viện quận Bình Thạnh,"Khoa Cận Lâm Sàng Tổng Quát
Khoa Cấp Cứu
Khoa Chẩn Đoán Hình Ảnh
Khoa Chẩn Đoán Lâm Sàng
Khoa Dược
Khoa Ngoại Tổng Quát
Khoa Nội Tổng Quát
Khoa Nội Tuần Hoàn
Khoa Phục Hồi Chức Năng
Khoa Tai Mũi Họng
Khoa Thận - Nội tiết
Khoa Truyền Nhiễm
Khoa Xét Nghiệm
Khoa Y Học Cổ Truyền
Nha Khoa
Nhãn Khoa
Nhi Khoa
Sản Khoa","6:00 AM - 8:00 PM
",Cuối tuần: 6:00 AM - 4:00 PM,,1,Khám cả cuối tuần,Thảo Lê,http://bvbinhthanh.medinet.gov.vn/Default.aspx?desktop=1,,,,,,,,,,,,,,,,,,
30,ĐK BVQH17,Trung tâm Y tế Huyện Cần Giờ,"Khoa Kiểm soát bệnh tật
Khoa Y tế công cộng
Khoa An toàn thực phẩm
Khoa Dược","7:00 AM - 11:00 AM
1:00 PM - 4:30 PM",,,0,,Thảo Lê,http://trungtamytecangio.medinet.gov.vn/,,,,,,,,,,,,,,,,,,
31,ĐK BVQH18,Bệnh viện quận Gò Vấp,"Khoa Dược
Khoa Tiết chế dinh dưỡng
Khoa Tai – Mũi – Họng; Răng – Hàm – Mặt
Khoa Xét nghiệm; Chẩn đoán hình ảnh
Khoa Khoa Khám bệnh
Khoa Nội – Thận nhân tạo
Khoa Ngoại tổng hợp
Khoa Phẫu thuật – Gây mê hồi sức
Khoa Khoa Nhi
Khoa Phụ sản
Khoa Hồi sức cấp cứu
Khoa Y học cổ truyền
Khoa Nhiễm; Kiểm soát nhiễm khuẩn.
Khoa Chấn thương chỉnh hình
Khoa Mắt","7:00 AM - 11:00 AM
1:30 PM - 4:00 PM",,,1,"Khoa phụ sản chưa đáp ứng được những ca sinh khó, phức tạp",Thảo Lê,http://benhviengovap.vn/,,,,,,,,,,,,,,,,,,
32,ĐK BVQH19,Bệnh viện huyện Nhà Bè,"khoa nhi
khoa nội
khoa ngoại
khoa y học cổ truyền
khoa khám bệnh
khoa hồi sức",7:00 AM - 4:30 PM,,,1,Không làm cuối tuần,Thảo Lê,http://www.benhviennhabe.vn/,,,,,,,,,,,,,,,,,,
33,ĐK BVQH20,Bệnh viện quận Phú Nhuận,"Khoa cấp cứu
Khoa sản
Khám bệnh
Khoa nhi
Nội tổng hợp
Nội thận lọc máu
Liên khoa Mắt- Tai- Mũi- Họng
Ngoại khoa tổng hợp
Răng- Hàm- Mặt
Khoa dược
Chuẩn đoán hình ảnh
Khoa xét nghiệm","6:30 AM - 11:15 AM
12:45 PM - 4:15 PM",,,1,,Thảo Lê,http://bvquanphunhuan.medinet.gov.vn/,,,,,,,,,,,,,,,,,,
34,ĐK BVQH21,Bệnh viện quận Tân Bình,"Khoa cấp cứu – Hồi sức tích cực – Chống độc
Khoa răng hàm mặt
Phòng xét nghiệp
Khoa tai – mũi họng
Nội tổng hợp
Khoa siêu âm
Khoa Nhi
Chụp X-quang
Khoa dinh dưỡng
Khoa Ngoại gây mệ và hồi sức
Y học cổ chuyền
Khoa phụ sản
Khoa mắt","7:00 AM - 11:30 AM
1:00 PM - 4:30 PM",,,1,,Thảo Lê,http://bvtb.org.vn/,,,,,,,,,,,,,,,,,,
35,ĐK BVQH22,Bệnh viện quận Tân Phú,"Khoa Cận Lâm Sàng Tổng Quát
Khoa Cấp Cứu
Khoa Chẩn Đoán Hình Ảnh
Khoa Chẩn Đoán Lâm Sàng
Khoa Dinh Dưỡng
Khoa Dược
Khoa Gây Mê
Khoa Ngoại Tổng Quát
Khoa Phục Hồi Chức Năng
Khoa Tai Mũi Họng
Khoa Truyền Nhiễm
Khoa Y Học Cổ Truyền
Nha Khoa
Nhãn Khoa
Nhi Khoa
Phụ Khoa
Sản Khoa",7:00 AM - 7:330 PM,Thứ bảy: 07:30 AM - 11:00 AM,,1,,Thảo Lê,http://benhvientanphu.vn/,,,,,,,,,,,,,,,,,,
36,ĐK BVQH23,Bệnh viện huyện Củ Chi,"Khoa Nội Tổng quát
Khoa Nội Thần kinh
Khoa Nội Tim mạch
Khoa Ngoại Thần kinh
Khoa Ngoại Chỉnh hình
Khoa Ngoại Tổng quát
Khoa Dược
Khoa Sản
Khoa Nhi
Khoa Thận Nhân tạo
Khoa Chẩn đoán hình ảnh
Khoa Xét nghiệm
Khoa Kiểm soát nhiễm khuẩn
Khoa Dinh dưỡng tiết chế
Khoa Y học Cổ truyền
Khoa Khám bệnh
Khoa Phẫu thuật gây mê hồi sức
Khoa ICU (Hồi sức tích cực và chống độc)
Khoa Cấp cứu
Khoa Liên chuyên khoa.","7:00 AM - 11:30 AM
1:00 PM - 4:30 PM",,,1,,Thảo Lê,http://benhvienhuyencuchi.com/?page_id=590,,,,,,,,,,,,,,,,,,
37,ĐK BVTN1,Bệnh viện Quốc tế Mỹ,"Sản Phụ khoa
Nhi khoa
Khoa Ngoại tổng quát
Khoa Thận - Niệu - Nam khoa
Khoa Tiêu hóa - Gan mật",24/24,,,1,,Thảo Lê,https://aih.com.vn/,,,,,,,,,,,,,,,,,,
38,ĐK BVTN2,Bệnh viện FV,"Khoa Cấp Cứu
 Khoa Nội Đa Khoa
 Khoa Y Học Cổ Truyền
 Khoa Nhi và Nhi sơ sinh
 Khoa Nội
 Khoa Cơ Xương Khớp
 Khoa Nội Thần Kinh
 Khoa Phổi
 Khoa Thận
 Khoa Nội Tiết & Tiểu Đường
 Khoa Tâm Thần
 Khoa Da Liễu
 Trung tâm Điều trị & Chăm sóc Da bằng Laser FV
 Chuyên Khoa Tim
 Chuyên Khoa Tiêu Hóa & Gan Mật
 Trung Tâm Điều Trị Ung Thư Hy Vọng
 Khoa Gây Mê Hồi Sức
 Khoa Dinh Dưỡng
 Khoa Tâm lý Lâm Sàng
 Trung tâm Điều trị Đau
 Khoa Ngoại Tổng Quát
 Khoa Phẫu Thuật Mạch Máu
 Khoa Chấn Thương Chỉnh Hình
 Khoa Tiết Niệu & Nam Khoa
 Khoa Sản Phụ khoa Trung tâm điều trị bệnh lý tuyến vú
 Viện Thẩm mỹ FV Lifestyle
 Khoa Tai Mũi Họng
 Khoa Mắt và Phẫu thuật khúc xạ
 Khoa Nha & Phẫu Thuật Hàm Mặt
 Ngoại Thần Kinh Và Can Thiệp Nội Mạch Thần Kinh
 Khoa Chẩn Đoán Hình Ảnh
 Khoa Y Học Hạt Nhân
 Khoa Xét Nghiệm & Ngân Hàng Máu
 Khoa Vật Lý Trị Liệu Và Phục Hồi Chức Năng","8:00 AM - 12:00 PM
1:00 PM - 5:00 PM",Thứ bảy: 8:00 AM - 12:00 PM,,1,,Thảo Lê,https://www.fvhospital.com/vi/gioi-thieu-chung/gioi-thieu-chung/,,,,,,,,,,,,,,,,,,
39,ĐK BVTN3,Bệnh viện đa khoa Tân Hưng,"Khoa Hồi sức cấp cứu
Khoa Nội
Khoa Kiểm soát nhiễm khuẩn
Khoa Khám bệnh
Khoa Vật lý trị liệu
Khoa Xét nghiệm
Khoa Mắt
Khoa Ngoại
Khoa Tai mũi họng
Khoa Phẫu thuật gây mê hồi sức
Đơn vị Nội soi
Khoa Dược
Khoa Chẩn đoán hình ảnh
Khoa Răng hàm mặt
Khoa Phẫu thuật thẩm mỹ",7:00 AM - 4:30 PM,,,1,,Thảo Lê,http://www.benhvientanhung.com/,,,,,,,,,,,,,,,,,,
40,ĐK BVTN4,Bệnh viện đa khoa Vạn Hạnh,"Khoa Khoa khám bệnh I và II
Khoa Nội
Khoa Ngoại
Khoa Phụ sản
Khoa Phẫu thuật gây mê hồi sức
Khoa Chẩn đoán hình ảnh
Khoa Nội soi
Khoa Tạo hình thẩm mỹ
Khoa Tai – Mũi – Họng
Khoa Răng – Hàm – Mặt
Khoa Hiếm muộn
Khoa Mắt","7:00 AM - 11:30 AM
1:30 PM - 5:00 PM",,,1,Không làm chiều chủ nhật,Thảo Lê,https://benhvienvanhanh.com/gioi-thieu/,,,,,,,,,,,,,,,,,,
41,ĐK BVTN5,Bệnh viện Đa khoa Tâm Trí Sài Gòn,"Khoa Cấp Cứu
Khoa Chẩn Đoán Hình Ảnh
Khoa Chủng Ngừa
Khoa Da Liễu
Khoa Dược
Khoa Gây Mê
Khoa Ngoại Chỉnh Hình
Khoa Ngoại Thần Kinh
Khoa Ngoại Thận Niệu
Khoa Nội Tiêu Hóa
Khoa Nội Xương Khớp
Khoa Tai Mũi Họng
Khoa Thận - Nội tiết
Khoa Tim Mạch
Khoa Ung Bướu
Khoa Xét Nghiệm
Nha Khoa
Nhãn Khoa
Nhi Khoa
Phụ Khoa
Sản Khoa",7:00 AM - 7:30 PM,,,1,,Thảo Lê,http://bvtamtrisaigon.com.vn/,,,,,,,,,,,,,,,,,,
42,ĐK BVTN6,Bệnh viện Quốc tế CITY ,"Sản phụ khoa, bao gồm Ung thư phụ khoa và khoa Hỗ trợ sinh sản
Khoa Nhi và Nhi sơ sinh
Khoa Ngoại Tổng quát
Khoa Chấn thương chỉnh hình
Khoa Gan Mật và tiêu hóa
Khoa Da Liễu
Khoa Can Thiệp Hình Ảnh
Khoa Ung Bướu
Khoa Hồi Sức Cấp Cứu","7:30 AM - 11:30 AM
1:00 PM - 4:30 PM",,,1,,Thảo Lê,https://cih.com.vn/,,,,,,,,,,,,,,,,,,
43,ĐK BVTN7,Bệnh viện đa khoa Triều An,"Khoa Khám bệnh
Khoa Ngoại tổng quát
Khoa Hồi sức cấp cứu
Khoa Nội thần kinh
Khoa Nội tim mạch
Khoa Nội tiết
Khoa Ngoại thần kinh
Khoa Nội – Ngoại nhi
Khoa Nội tổng hợp",5:00 AM - 7:00 PM,Chủ nhật: 6:30 AM - 11:30 AM,6:30 AM - 3:00 PM,1,,Thảo Lê,http://www.trieuanhospital.vn/,,,,,,,,,,,,,,,,,,
44,ĐK BVTN8,Bệnh viện Minh Anh,"Khoa Cấp cứu
Khoa Khám bệnh
Khoa Nội soi
Khoa Mắt
Khoa Chẩn đoán hình ảnh
Khoa Hậu môn- Trực tràng
Khoa Phẫu thuật gây mê hồi sức
Khoa Tai Mũi Họng
Khoa Điều trị nội trú
Khoa xét nghiệm
Khoa Dược
Khoa Điện sinh ký",7:00 AM - 4:00 PPM,Thứ bảy: 7:00 AM - 11:30 AM,,1,Chủ nhật nghỉ,Thảo Lê,https://www.minhanhhospital.com.vn/,,,,,,,,,,,,,,,,,,
45,ĐK BVTN9,Bệnh viện đa khoa Quốc Ánh,"Khám thai – sản phụ khoa
Khoa nội
Khoa ngoại
Khoa mắt
Khoa tai – mũi – họng
Khoa khám bệnh
Khoa cấp cứu
Khoa ngoại chấn thương chỉnh hình",7:00 AM - 4:00 PM,,,1,,Thảo Lê,http://www.benhvienquocanh.com.vn/,,,,,,,,,,,,,,,,,,
46,ĐK BVTN10,Bệnh viện Đa khoa quốc tế Vinmec Central Park,"Khoa Hồi sức - Cấp cứu
Khoa Gây mê - điều trị đau
Khoa Khám sức khỏe tổng quát
Khoa Tim mạch
Khoa Ung bướu-Xạ trị
Khoa Sản khoa
Khoa Phụ khoa
Khoa Hỗ trợ sinh sản
Khoa Nhi
Khoa Chẩn đoán hình ảnh
Khoa Xét nghiệm
Khoa Dược","Thứ hai đến thứ bảy:
8:00 AM - 5:00 PM",,,1,Không khám chủ nhật,Thảo Lê,https://www.vinmec.com/,,,,,,,,,,,,,,,,,,
47,ĐK BVTN11,Bệnh viện đa khoa Xuyên Á,"Khoa  cấp cứu
Khoa Khám bệnh
Khoa Ngoại tổng quát
Khoa Chấn thương chỉnh hình
Khoa Ngoại thần kinh
Khoa Ngoại tiết niệu
Khoa Chỉnh hình vi phẫu
Trung tâm can thiệp tim mạch
Khoa Phẫu thuật tim mạch- Lồng ngực
Khoa Ung bướu
Khoa Nội thần kinh
Khoa Nội tổng quát
Khoa Nội nội tiết
Khoa Nội thận
Khoa Nội hô hấp
Khoa Nội tim mạch
Khoa Lọc máu ngoài thận
Khoa  Sản- Phụ khoa
Khoa Nhi
Khoa Mắt
Khoa gây mê hồi sức
Khoa Hồi sức tích cực chống độc
Khoa Y học cổ truyền – phục hồi chức năng
Khoa Xét nghiệm
Khoa Chẩn đoán hình ảnh
Khoa Dược
Khoa Kiểm soát nhiễm khuẩn
Liên chuyên khoa
Trung tâm nội soi","7:00 AM - 11:30 AM
1:00 PM - 4:30 PM",4:00 PM - 8:00 PM,,1,Trung tâm tiêm chủng làm việc cả tuần,Thảo Lê,http://bvxuyena.com.vn/,,,,,,,,,,,,,,,,,,
48,ĐK BVTN12,Bệnh viện đa khoa Quốc tế Vũ Anh,"Khoa Khám bệnh
Khoa Dược
Khoa Nội
Khoa Ngoại
Khoa Nhi
Khoa Phụ Sản
Khoa Hồi sức cấp cứu
Khoa Vật lý trị liệu
Đơn vị Thận nhân tạo.
Đơn vị Nội soi
Khoa Chẩn đoán hình ảnh
Khoa Giải phẫu
Đo chức năng hô hấp
Khoa Xét nghiệm
Khoa Chẩn đoán hình ảnh.","7:00 AM - 11:30 AM
1:30 PM - 4:30 PM
Chủ nhật: 7:00 AM - 11:30 AM",,,1,,Thảo Lê,,,,,,,,,,,,,,,,,,,
49,ĐK BVTN13,Bệnh viện Hồng Đức III,"Khoa Chấn thương chỉnh hình
Khoa ung bướu
Khoa cấp cứu
Khoa Tai – Mũi – Họng
Khoa đột quỵ
Khoa khám bệnh
Khoa sản nhi
Khoa phẫu thuật GMHS
Khoa vật lý trị liệu
Khoa thẩm mỹ
Khoa Chẩn đoán ảnh – chức năng
Khoa nội tổng quát
Khoa mắt
Khoa Đông y
Khoa xét nghiệm
Khoa ngoại tổng quát","Trong tuần: 7:00 AM - 9:00 PM
Cuối tuần: 7;00 AM - 4:30 PM",,,1,,Thảo Lê,https://hongduchospital.vn/,,,,,,,,,,,,,,,,,,
50,ĐK BVTN14,Bệnh viện Đa khoa An Sinh,"Khoa khám bệnh
Khoa cấp cứu
Khoa nội tổng hợp
Trung tâm lọc máu
Khoa hồi sức
Khoa ngoại tổng hợp
Đơn vị hậu môn trực tràng
Đơn vị cơ xương khớp - y học thể thao
Khoa gây mê phẫu thuật
Khoa phụ sản
Đơn vị hỗ trợ sinh sản
Khoa Nhi và Hồi sức sơ sinh
Khoa phẫu thuật thẩm mỹ
Khoa mắt An Sinh
Khoa tai mũi họng
Khoa răng hàm mặt
Khoa xét nghiệm
Khoa chẩn đoán hình ảnh
Khoa nội soi
Khoa dược","Thứ hai đến thứ bảy:
7:30 AM - 7:00 PM
Chủ nhật: 7:30 AM - 12:00 PM",,,1,,Thảo Lê,http://www.ansinh.com.vn/,,,,,,,,,,,,,,,,,,
51,ĐK BVTN15,Bệnh viện Hoàn Mỹ Sài Gòn,"Khoa Xét nghiệm
Khoa Tim mạch
Khoa Ngoại (Tổng hợp, thần kinh)
Khoa Nội tổng hợp
Khoa Hồi sức và đơn vị lọc thận
Khoa Phẫu thuật gây mê hồi sức
Khoa Cấp cứu
Khoa Khám bệnh
Khoa Ngoại chấn thương chỉnh hình
Khoa Ngoại tiết niệu
Khoa Kiểm soát nhiễm khuẩn
Khoa Sản phụ khoa
Khoa Nội tim mạch
Khoa Nội thần kinh
Khoa Nội tiết
Khoa Dinh dưỡng và tiết chế
Khoa Chẩn đoán hình ảnh
Khoa Khoa dược","7:30 AM - 11:30 AM 
1:30 PM - 5:00 PM",,,1,Không khám chủ nhật,Thảo Lê,https://www.hoanmysaigon.com/,,,,,,,,,,,,,,,,,,
52,ĐK BVTN16,Bệnh viện Gia An 115,"Khoa Liên Chuyên Khoa. 
Khoa Vật lý trị liệu và Phục hồi chức năng. 
Khoa Chẩn đoán hình ảnh và Thăm dò chức năng. 
Khoa Xét nghiệm. 
Khoa Kiểm soát nhiễm khuẩn. 
Khoa Dược. 
Khoa Dinh dưỡng. 
Cấp cứu.",7:00 AM - 4:00 PM,,,1,Không khám chủ nhật,Thảo Lê,http://www.giaan115.com/,,,,,,,,,,,,,,,,,,
53,ĐK BVTN17,Bệnh viện đa khoa Quốc tế Nam Sài Gòn,"Trung tâm Ngoại Thần Kinh
Trung tâm Chấn Thương Chỉnh Hình – Cột Sống
Trung tâm Tiêu Hóa
Trung tâm Tiết Niệu
Trung tâm Răng Hàm Mặt
Trung tâm Mắt
Trung tâm Tạo Hình Thẩm Mỹ
Trung tâm Nhi
Trung tâm Ung Bướu
Trung tâm Nội Thần Kinh
Trung tâm Chẩn Đoán Hình Ảnh
Trung tâm Thăm Dò Chức Năng
Trung tâm Xét Nghiệm
Khoa Dược","7:30 AM - 12:00 PM
1:30 PM - 5:00 PM",,,1,,Thảo Lê,http://benhviennamsaigon.com.vn/,,,,,,,,,,,,,,,,,,
54,ĐK BVTN18,Bệnh viện Đa khoa Quốc tế Hoàn Mỹ Thủ Đức,"Khoa khám bệnh
Khoa chuẩn đoán hình ảnh
Khoa ngoại tổng hợp
Khoa hồi sức cấp cứu
Khoa phụ sản
Khoa nhi
Khoa gây mê hồi sức
Khoa nội tổng hợp
Khoa xét nghiệm","Thứ hai -> thứ bảy: 
7:00 AM - 11:30 AM
12:30 PM - 4:00 PM",,,1,,Thảo Lê,https://www.hoanmythuduc.com/,,,,,,,,,,,,,,,,,,
55,ĐK BVTN19,Bệnh viện Đa khoa Tâm Anh,"Khoa cấp cứu – Hồi sức tích cực.
Khoa Khám bệnh.
Khoa Chẩn đoán hình ảnh.
Khoa Xét nghiệm.
Khoa Nội tổng hợp.
Khoa Ngoại – Gây mê hồi sức.
Khoa Phụ sản.
Khoa Nội soi tiêu hóa.
Khoa Tiết niệu – Nam học.
Chuyên Khoa nhi.
Khoa Sơ sinh.
Trung tâm hỗ trợ sinh sản.",Cả tuần: 7:30 AM - 4:30 PM,,,1,,Thảo Lê,https://tamanhhospital.vn/,,,,,,,,,,,,,,,,,,
56,ĐK BVQP1,Bệnh viện Quân Dân Miền Đông,"Nội tổng hợp (Khoa A1);
Nhi (Khoa A3);
Y học cổ truyền,  Vật lý trị liệu & Phục hồi chức năng (A4);
Thận nhân tạo (Khoa A5);
Khoa Ngoại Chấn thương chỉnh hình – Thần kinh & Bỏng (B1);
Ngoại tổng quát (Khoa B2);
Ngoại chuyên khoa (Khoa B3);
Phẫu thuật – Gây mê hồi sức;
Phụ sản (Khoa B5);
Khám bệnh (Khoa C1);
Hồi sức cấp cứu (Khoa C2).
Xét nghiệm ( Khoa C3);
Chuẩn đoán hình ảnh, thăm dò chức năng và nội soi ( Khoa C4);
Khoa Dược – Trang thiết bị.","Trong tuần: 7:30 AM - 4:30 PM
Thứ bảy: 7:30 AM - 11:00 AM",,,1,,Thảo Lê,,,,,,,,,,,,,,,,,,,
57,ĐK PKĐK1,Phòng khám đa khoa thuộc Trung tâm Y tế quận 1,"Khoa Phụ Sản
Khoa Nhi
Khoa Mắt
Khoa Da liễu
Khoa Tai mũi họng
Khoa Răng Hàm Mặt
Khoa Ngoại
Khoa Chuẩn đoán hình ảnh, xét nghiệm",,,,,,Hồng Đới,http://trungtamytequan1.medinet.gov.vn/Default.aspx,,,,,,,,,,,,,,,,,,
58,ĐK PKĐK2,Phòng khám đa khoa thuộc Trung tâm Y tế Quận 6,,,,,,,Hồng Đới,http://trungtamytequan6.medinet.gov.vn/Default.aspx?desktop=1,,,,,,,,,,,,,,,,,,
59,ĐK PKĐK3,Phòng khám đa khoa thuộc Trung tâm y tế quận 7,"Khoa Nội tổng hợp
Khoa Ngoại
Khoa Sản phụ Khoa
Khoa Da liễu
Khoa Tai mũi họng
Khoa Răng hàm mặt
Khoa Mắt
Khoa Chuẩn đoán hình ảnh","Thứ 2 - CN: 07:00-17:00
","Thứ 2 - CN: 07:00-17:00
","Thứ 2 - CN: 07:00-17:00
",1,,Hồng Đới,http://trungtamytequan7.medinet.gov.vn/Default.aspx?desktop=1,,,,,,,,,,,,,,,,,,
60,ĐK PKĐK4,Phòng khám đa khoa thuộc Trung tâm Y tế quận Tân Phú,,,,,,,Hồng Đới,http://trungtamyte.tanphu.hochiminhcity.gov.vn/Default.aspx,,,,,,,,,,,,,,,,,,
61,ĐK PKĐK5,Phòng khám đa khoa thuộc Trung tâm y tế quận 9,,,,,,,Hồng Đới,http://trungtamytequan9.medinet.gov.vn/Default.aspx?desktop=1,,,,,,,,,,,,,,,,,,
62,ĐK PKĐK6,Phòng khám đa khoa ĐTH thuộc Chi nhánh Công ty Cổ phần phát triển Y tế Victoria Healthcare – Phòng khám đa khoa ĐTH,"Khoa Tiêu hóa - Gan mật
Khoa Nhi
Khoa Tim mạch
Khoa Sản-Phụ Khoa
Khoa Tiết Niệu - Nam khoa
Khoa Tai - Mũi -Họng
Khoa Nội thần kinh
Khoa Nội Tiết
Khoa Xương khớp
Khoa Chẩn đoán hình ảnh
Khoa Da liễu
Khoa Tâm lý
Khoa Ngoại
Khoa Hô hấp
Khoa xét nghiệm
Khoa Nội tổng quát","Thứ 2 – Thứ 6: 8h00 – 20h00
Thứ 7: 8h00 – 17h00
CN: 8h00 – 12h00 PM","Thứ 2 – Thứ 6: 8h00 – 20h00
Thứ 7: 8h00 – 17h00
CN: 8h00 – 12h00 PM","Thứ 2 – Thứ 6: 8h00 – 20h00
Thứ 7: 8h00 – 17h00
CN: 8h00 – 12h00 PM",1,,Hồng Đới,https://www.victoriavn.com/,,,,,,,,,,,,,,,,,,
63,ĐK PKĐK7,Phòng khám đa khoa quốc tế Columbia Asia-Sài Gòn thuộc Công ty TNHH Columbia Asia,"Khoa Nội
Khoa Sản phụ khoa
Khoa Tai mũi họng
Khoa Ngoại tổng quát
Khoa Nhi
Khoa Nha
Khoa Mắt
Khoa Da liễu","Thứ Hai – Thứ Sáu: 8g00 - 17g00
Thứ Bảy: 8g00 - 12g00","Thứ Hai – Thứ Sáu: 8g00 - 17g00
Thứ Bảy: 8g00 - 12g00","Thứ Hai – Thứ Sáu: 8g00 - 17g00
Thứ Bảy: 8g00 - 12g00",1,,Hồng Đới,https://www.columbiaasia.com/vietnam/vn/benh-vien/saigon/gioi-thieu-chung,,,,,,,,,,,,,,,,,,
64,ĐK PKĐK8,Phòng khám đa khoa thuộc Chi nhánh Công ty cổ phần Chăm sóc sức khỏe Việt Gia,"Khoa Nội
Khoa Ngoại
Khoa Tai mũi họng
Khoa Nha
Khoa Da liễu
Khoa Nhi
Khoa Phụ Khoa
Khoa Chẩn đoán hình ảnh
Khoa Xét nghiệm
Khoa Mắt",Thứ Hai đến Thứ Bảy：7 giờ 30 phút - 11 giờ 30 phút ／ 13 giờ - 16 giờ 30 phút,Thứ Hai đến Thứ Bảy：7 giờ 30 phút - 11 giờ 30 phút ／ 13 giờ - 16 giờ 30 phút,Thứ Hai đến Thứ Bảy：7 giờ 30 phút - 11 giờ 30 phút ／ 13 giờ - 16 giờ 30 phút,1,,Hồng Đới,http://www.vietgiaclinic.com/,,,,,,,,,,,,,,,,,,
65,ĐK PKĐK9,Phòng khám đa khoa thuộc Công ty Cổ phần Vigor Anbis Japan,"Khoa Nội
Khoa Ngoại
Khoa Tai mũi họng
Khoa Răng Hàm Mặt
Khoa Da liễu
Khoa Nhi
Khoa Phụ Khoa
Khoa Chẩn đoán hình ảnh
Khoa Xét nghiệm
Khoa Mắt","Thứ 2 - Thứ 7
- Sáng: 07:30 - 11:30
- Chiều: 13:00 - 17:00","Thứ 2 - Thứ 7
- Sáng: 07:30 - 11:30
- Chiều: 13:00 - 17:00","Thứ 2 - Thứ 7
- Sáng: 07:30 - 11:30
- Chiều: 13:00 - 17:00",1,,Hồng Đới,"https://www.healthcare.com.vn/
https://www.healthcare.com.vn/",,,,,,,,,,,,,,,,,,
66,ĐK PKĐK10,Phòng khám đa khoa thuộc Công ty TNHH Lab Group International Việt Nam,,,,,1,,Hồng Đới,Không tìm được,,,,,,,,,,,,,,,,,,
67,ĐK PKĐK11,Phòng khám đa khoa Thuộc Công ty TNHH PKĐK Quốc tế An Phú,"Khoa Tai mũi họng
Khoa Răng Hàm Mặt
Khoa Nhi
Khoa Sản
Khoa Chấn thương chỉnh hình
Khoa Xét nghiệm
Khoa Nội",T2-T7: 07h30-16h30,T2-T7: 16h30-18h30 (cấp cứu),T2-T7: 07h30-16h30,1,,Hồng Đới,https://pkanphu.com/,,,,,,,,,,,,,,,,,,
68,ĐK PKĐK12,Phòng khám đa khoa thuộc Chi nhánh 3 Công ty TNHH Chất lượng cuộc sống Kim Cương- Trung tâm đa khoa Diamond,"Khoa Tai mũi họng
Khoa Răng Hàm Mặt
Khoa Sản Phụ Khoa
Khoa Nội
Khoa Da Liễu
Khoa Nhi",Thứ 2 tới thứ 7: Sáng 7h30-11h30; Chiều 13h-17h,"Thứ 2 tới thứ 6: Tối 17h-20h
Chủ nhật: 7h30-12h",Thứ 2 tới thứ 7: Sáng 7h30-11h30; Chiều 13h-17h,1,,Hồng Đới,https://ykhoadiamond.com/,,,,,,,,,,,,,,,,,,
69,ĐK PKĐK13,Phòng khám đa khoa Raffles Medical thuộc Chi nhánh Công ty TNHH Sức khỏe trọn đời tại TP. Hồ Chí Minh,"Khoa Tai mũi họng
Khoa Sản Phụ Khoa
Khoa Nội
Khoa Da Liễu
Khoa Nhi
Khoa Mắt
Khoa Răng Hàm Mặt","Thứ 2 – Thứ 6: 8:00 – 22:00
Thứ 7: 8:00 – 12:00","Thứ 2 – Thứ 6: 8:00 – 22:00
Thứ 7: 8:00 – 12:00","Thứ 2 – Thứ 6: 8:00 – 22:00
Thứ 7: 8:00 – 12:00",1,,Hồng Đới,https://rafflesmedical.vn/vi/phong-kham-ho-chi-minh/,,,,,,,,,,,,,,,,,,
70,ĐK PKĐK14,Phòng khám đa khoa thuộc Chi nhánh Công ty Cổ phần Đầu tư 3H - Phòng khám đa khoa Quốc tế Yersin,"Khoa Tai mũi họng
Khoa Sản Phụ Khoa
Khoa Nội
Khoa Chẩn đoán hình ảnh
Khoa Nhi
Khoa Răng Hàm Mặt
Khoa Nội tiết
Khoa Nội Tim mạch
Khoa Tiêu hóa - Gan mật
Khoa Xét nghiệm","Từ thứ 2 đến thứ 7: 7:30 – 12:00, 13:00 – 17:00 ","Từ thứ 2 đến thứ 7: 7:30 – 12:00, 13:00 – 17:00 ","Từ thứ 2 đến thứ 7: 7:30 – 12:00, 13:00 – 17:00 ",1,,Hồng Đới,http://www.yersinclinic.com/,,,,,,,,,,,,,,,,,,
71,ĐK PKĐK15,Phòng khám đa khoa thuộc Chi nhánh Công ty cổ phần sữa Việt Nam - Phòng khám đa khoa An Khang,"Khoa Tai mũi họng
Khoa Sản Phụ Khoa
Khoa Nội tổng quát
Khoa Chẩn đoán hình ảnh
Khoa Răng Hàm Mặt
Khoa Nội tiết
Khoa Ngoại tổng quát
Khoa Mắt
Khoa Xét nghiệm
Khoa Nội tim mạch
Khoa Da liễu",7:30 – 17:00 ,7:30 – 17:00 ,7:30 – 17:00 ,1,,Hồng Đới,https://www.akclinic.com.vn/,,,,,,,,,,,,,,,,,,
72,ĐK PKĐK16,Phòng khám đa khoa thuộc chi nhánh công ty cổ phần y tế Việt Anh,"Khoa Nhi
Khoa Nội
Khoa Ngoại
Khoa Phụ khoa
Khoa Y học cổ truyền
Khoa xét nghiệm, siêu âm, x-quang",Liên hệ trực tiếp,Liên hệ trực tiếp,Liên hệ trực tiếp,1,,Hồng Đới,https://dhamedic.vn/,,,,,,,,,,,,,,,,,,
73,ĐK PKĐK17,Phòng khám đa khoa thuộc chi nhánh Công ty TNHH phòng khám đa khoa Sài Gòn - Trung tâm khám bệnh số 2,"Khoa Chuẩn đoán hình ảnh
Khoa Da Liễu
Khoa Mắt
Khoa Ngọai
Khoa Nội
Khoa Răng Hàm Mặt
Khoa Sản
Khoa Tai Mũi Họng
Khoa Xét nghiệm",(T2 - T7) 7h30 – 11h30 / 13h00 – 17h00 (nghỉ Lễ & Tết),(T2 - T7) 7h30 – 11h30 / 13h00 – 17h00 (nghỉ Lễ & Tết),(T2 - T7) 7h30 – 11h30 / 13h00 – 17h00 (nghỉ Lễ & Tết),1,,Hồng Đới,https://phongkhamdakhoasaigon.com/,,,,,,,,,,,,,,,,,,
74,ĐK PKĐK18,Phòng khám đa khoa thuộc Công ty Cổ phần bệnh viện PACIFIC,,,,,,,Hồng Đới,Không tìm được,,,,,,,,,,,,,,,,,,
75,ĐK PKĐK19,Phòng khám đa khoa thuộc Cty TNHH Monaco Healthcare,"Khoa Nội tổng quát
Khoa Nội tiêu hóa - gan mật
Khoa Da liễu
Khoa Răng hàm mặt","T2-T6: 07h30-16h30
T7: 09h00-17h00","T2-T6: 07h30-16h30
T7: 09h00-17h00","T2-T6: 07h30-16h30
T7: 09h00-17h00",1,,Hồng Đới,"http://monacohealthcare.com/
https://www.facebook.com/Monacohealthcarevn/?ref=page_internal",,,,,,,,,,,,,,,,,,
76,ĐK PKĐK20,Phòng khám đa khoa DHA Healthcare thuộc Công ty Cổ phần Y tế DHA,"Khoa Nội tổng quát
Khoa Nhi
Khoa Răng Hàm Mặt
Khoa Tai Mũi Họng
Khoa Phụ khoa",Sáng 7:30 - 11:30 | Chiều 13:00 - 17:00 I Từ Thứ 2 - Thứ 7,Sáng 7:30 - 11:30 | Chiều 13:00 - 17:00 I Từ Thứ 2 - Thứ 7,Sáng 7:30 - 11:30 | Chiều 13:00 - 17:00 I Từ Thứ 2 - Thứ 7,1,,Hồng Đới,https://www.dhahealthcare.vn/,,,,,,,,,,,,,,,,,,
77,ĐK PKĐK21,Phòng khám đa khoa Thiên Phước thuộc Công ty TNHH Phòng khám đa khoa Thiên Phước,"Khoa Gan mật
Khoa Xét nghiệm
Nha Khoa
Khoa Da liễu
Khoa Chẩn đoán hình ảnh
Khoa Tai mũi họng
Khoa Phụ sản
Khoa Nội tiết
Khoa Nhi
Khoa Ngoại
Khoa Nội",Từ 7:00 – 19:00 từ Thứ 2 đến CN,Từ 7:00 – 19:00 từ Thứ 2 đến CN,Từ 7:00 – 19:00 từ Thứ 2 đến CN,1,,Hồng Đới,https://phongkhamthienphuoc.vn/,,,,,,,,,,,,,,,,,,
78,ĐK PKĐK22,Phòng khám đa khoa đại học Nguyễn Tất Thành thuộc Công ty cổ phần Dệt may Sài Gòn,"Khoa Nội
Khoa Ngoại
Khoa Sản
Khoa Nhi
Khoa Da liễu
Khoa Mắt
Khoa Tai Mũi Họng
Khoa Răng Hàm Mặt","thứ 2 – Chủ nhật: 7h30 – 11h30, 13h30 – 20h00","thứ 2 – Chủ nhật: 7h30 – 11h30, 13h30 – 20h00","thứ 2 – Chủ nhật: 7h30 – 11h30, 13h30 – 20h00",,,Hồng Đới,,,,,,,,,,,,,,,,,,,
79,ĐK PKĐK23,Phòng khám đa khoa thuộc Trường đại học Y khoa Phạm Ngọc Thạch,"Khoa Nội
Khoa Răng Hàm Mặt
Khoa Ngoại
Khoa Sản
Khoa Nhi
Khoa Da liễu
Khoa Tai Mũi Họng
Khoa Vật lý trị liệu
Khoa Chấn thương chỉnh hình
Khoa Y học cổ truyền
Khoa mắt",,,,1,Tư vấn tâm lý,Hồng Đới,https://phongkhamdaihocypnt.edu.vn/wp/#/,,,,,,,,,,,,,,,,,,
80,ĐK PKĐK24,Phòng khám đa khoa thuộc Chi nhánh Công ty TNHH  Thương Mại Dịch vụ Y khoa Eurovie- Phòng khám đa khoa Eurovie,,,,,,,Hồng Đới,Không tìm được,,,,,,,,,,,,,,,,,,
81,ĐK PKĐK25,Phòng khám đa khoa thuộc Công ty Cổ phần Y tế Y Việt,,,,,,,Hồng Đới,Không tìm được,,,,,,,,,,,,,,,,,,
82,ĐK PKĐK26,Phòng khám đa khoa thuộc Doanh nghiệp tư nhân Phòng khám đa khoa Hồng Lạc,"Khoa Nội
Khoa Ngoại
Khoa Răng Hàm Mặt
Khoa Sản phụ khoa
Khoa Tai Mũi Họng
Khoa Mắt
Khoa Da liễu
Khoa Chẩn đoán hình ảnh","T2-T7: 07h00-20h00
CN: 07h00-12h00","T2-T7: 07h00-20h00
CN: 07h00-12h00","T2-T7: 07h00-20h00
CN: 07h00-12h00",1,,Hồng Đới,https://www.phongkhamhonglac.com/,,,,,,,,,,,,,,,,,,
83,ĐK PKĐK27,Phòng khám đa khoa thuộc Công ty TNHH Trung tâm Y khoa Hoàng Khang,"Khoa Nội
Khoa Ngoại
Khoa Nhi
Khoa Sản phụ
Khoa Tai Mũi Họng
Khoa Răng Hàm Mặt
Khoa Mắt","T2-T7: 07:30 - 17:30
CN: 07:00 - 12:00","T2-T7: 07:30 - 17:30
CN: 07:00 - 12:00","T2-T7: 07:30 - 17:30
CN: 07:00 - 12:00",1,,Hồng Đới,https://ttykhoangkhang.com/,,,,,,,,,,,,,,,,,,
84,ĐK PKĐK28,Phòng khám đa khoa Phúc Đức thuộc Công ty cổ phần Bệnh viện Tim Tâm Đức,,,,,,,Hồng Đới,https://tamduchearthospital.com/,,,,,,,,,,,,,,,,,,
85,ĐK PKĐK29,Phòng khám đa khoa Tân Thuận thuộc Công ty TNHH Dịch vụ Y tế Tân Thuận,,,,,,,Hồng Đới,Không tìm được,,,,,,,,,,,,,,,,,,
86,ĐK PKĐK30,Phòng khám đa khoa thuộc Chi nhánh 1 - Công ty TNHH Trung tâm Y khoa Phước An,"Khoa Nội 
Khoa Ngoại
Khoa Tai Mũi Họng
Khoa Mắt
Khoa Sản phụ khoa
Khoa Nhi
Khoa Răng Hàm Mặt
Khoa Vật lý trị liệu
Khoa Chẩn đoán hình ảnh
Khoa Xét nghiệm","Thứ 2 - Thứ 7        7:00 am - 12:00 pm | 13:00 pm - 19:00 pm
Chủ nhật - Ngày lễ        7:00 am - 12:00 pm","Thứ 2 - Thứ 7        7:00 am - 12:00 pm | 13:00 pm - 19:00 pm
Chủ nhật - Ngày lễ        7:00 am - 12:00 pm","Thứ 2 - Thứ 7        7:00 am - 12:00 pm | 13:00 pm - 19:00 pm
Chủ nhật - Ngày lễ        7:00 am - 12:00 pm",1,,Hồng Đới,https://ykhoaphuocan.vn/hethong/y-khoa-phuoc-an-1,,,,,,,,,,,,,,,,,,
87,ĐK PKĐK31,Phòng khám đa khoa thuộc Công ty Cổ phần đầu tư và Phát triển Y tế Saint Luke,,,,,,,Hồng Đới,Không tìm được,,,,,,,,,,,,,,,,,,
88,ĐK PKĐK32,Phòng khám đa khoa thuộc Công ty TNHH Phòng khám đa khoa Sky,,Thứ Hai - Thứ Sáu: 7h30 - 17h00 ; Thứ Bảy: 7h30 - 12h00,Thứ Hai - Thứ Sáu: 7h30 - 17h00 ; Thứ Bảy: 7h30 - 12h00,Thứ Hai - Thứ Sáu: 7h30 - 17h00 ; Thứ Bảy: 7h30 - 12h00,1,,Hồng Đới,https://sites.google.com/view/bsminhtri/trang-ch%E1%BB%A7?fbclid=IwAR3G08PVirIloRiQrm-CjdMjKkivFIv9CYVH7nAl74kV3RqbyRjhB-FjRbg,,,,,,,,,,,,,,,,,,
89,ĐK PKĐK33,Phòng khám đa khoa thuộc Công ty TNHH Phòng khám Đa khoa Tâm Trí Sài Gòn,,,,,,,Hồng Đới,Không tìm được,,,,,,,,,,,,,,,,,,
90,ĐK PKĐK34,Phòng khám đa khoa thuộc công ty TNHH Phòng khám đa khoa Thái Hòa,"Khoa xét nghiệm
Khoa Ngoại
Khoa Nhi
Khoa Mắt
Khoa Chẩn đoán hình ảnh
Khoa Răng hàm mặt
Khoa Nội
Khoa Sản phụ khoa",,,,,,Hồng Đới,https://phongkhamthaihoa.com/,,,,,,,,,,,,,,,,,,
91,ĐK PKĐK35,Phòng khám đa khoa thuộc Phòng khám quốc tế Careplus - Chi nhánh Công ty TNHH CityClinic Việt Nam,"Khoa Nội tổng quát
Khoa Nhi
Khoa Nha
Khoa Tim mạch
Khoa Hô hấp
Khoa Gan – Tiêu hóa
Khoa Nội thần kinh
Khoa Mắt
Khoa Tai – Mũi – Họng
Khoa Sản phụ khoa
Khoa Chẩn đoán hình ảnh
Khoa Xét nghiệm
Khoa Da liễu
Tiểu phẩu
","Thứ 2 - Thứ 6: 8:00 - 20:00
- 8:00 - 17:00 (Tất cả các chuyên khoa)
- 17:00 - 20:00 (Chuyên khoa Nhi & Xét nghiệm)
Thứ 7: 8:00 - 17:00 (Tất cả các chuyên khoa)
Chủ nhật: 8:00 - 12:00 (Chuyên khoa Nhi & Xét nghiệm)","Thứ 2 - Thứ 6: 8:00 - 20:00
- 8:00 - 17:00 (Tất cả các chuyên khoa)
- 17:00 - 20:00 (Chuyên khoa Nhi & Xét nghiệm)
Thứ 7: 8:00 - 17:00 (Tất cả các chuyên khoa)
Chủ nhật: 8:00 - 12:00 (Chuyên khoa Nhi & Xét nghiệm)","Thứ 2 - Thứ 6: 8:00 - 20:00
- 8:00 - 17:00 (Tất cả các chuyên khoa)
- 17:00 - 20:00 (Chuyên khoa Nhi & Xét nghiệm)
Thứ 7: 8:00 - 17:00 (Tất cả các chuyên khoa)
Chủ nhật: 8:00 - 12:00 (Chuyên khoa Nhi & Xét nghiệm)",1,,Hồng Đới,https://careplusvn.com/vi/,,,,,,,,,,,,,,,,,,
92,ĐK PKĐK36,Phòng khám đa khoa thuộc Chi nhánh Công ty TNHH phòng khám đa khoa Quốc Tế Sài Gòn,"Khoa Tai mũi họng
Khoa Tiêu hóa - gan mật
Khoa Răng Hàm mặt
Khoa Tim mạch
Khoa Cơ Xương Khớp
Khoa nội
Khoa Da liễu
Khoa Sản phụ khoa
Khoa Mắt
Khoa xét nghiệm
Khoa chẩn đoán hình ảnh","T2 - T7: 07h30 - 19h45 (Khoa Tai Mũi Họng, Khoa Chẩn đoán hình ảnh)
T2 - T7: 07h30 - 16h30 (Các khoa còn lại)","T2 - T7: 07h30 - 19h45 (Khoa Tai Mũi Họng, Khoa Chẩn đoán hình ảnh)
T2 - T7: 07h30 - 16h30 (Các khoa còn lại)","T2 - T7: 07h30 - 19h45 (Khoa Tai Mũi Họng, Khoa Chẩn đoán hình ảnh)
T2 - T7: 07h30 - 16h30 (Các khoa còn lại)",1,,Hồng Đới,https://taimuihongsg.com/,,,,,,,,,,,,,,,,,,
93,ĐK PKĐK37,Phòng khám đa khoa thuộc công ty TNHH phòng khám đa khoa Liên Tâm,"Khoa Nội tổng quát
Khoa Nội tim mạch
Khoa Ngoại - chấn thương chỉnh hình
Khoa Tai Mũi Họng
Khoa Sản- phụ khoa",Liên hệ trực tiếp,Liên hệ trực tiếp,Liên hệ trực tiếp,1,,Hồng Đới,https://pkdklientam.com.vn/,,,,,,,,,,,,,,,,,,
94,ĐK PKĐK38,Phòng khám đa khoa thuộc Công ty Cổ phần Bệnh viện Y Dược sài Gòn,"Khoa Nội 
Khoa Sản phụ khoa
Khoa Chẩn đoán hình ảnh
Khoa Răng Hàm Mặt
Khoa Tai Mũi Họng
Khoa Mắt
Khoa Da liễu","Sáng: 07:30 - 11:30
Chiều: 13:30 - 20:00
(Thứ 2 - Chủ nhật)","Sáng: 07:30 - 11:30
Chiều: 13:30 - 20:00
(Thứ 2 - Chủ nhật)","Sáng: 07:30 - 11:30
Chiều: 13:30 - 20:00
(Thứ 2 - Chủ nhật)",1,,Hồng Đới,http://benhvienyduocsaigon.com/,,,,,,,,,,,,,,,,,,
95,ĐK PKĐK39,Phòng khám đa khoa thuộc Công ty TNHH Y tế Hòa Hảo,,,,,,,Hồng Đới,Không tìm được,,,,,,,,,,,,,,,,,,
96,ĐK PKĐK40,Phòng khám đa khoa thuộc Công ty TNHH phòng khám đa khoa Quốc Tế Nhân Hậu,"Khoa Nội soi
Khoa xét nghiệm, chẩn đoán hình ảnh
Khoa Tai Mũi Họng
Khoa Sản phụ khoa
Khoa Răng hàm mặt
","T2-T7: 06h00 - 20h00
CN: 06h00-11h30","T2-T7: 06h00 - 20h00
CN: 06h00-11h30","T2-T7: 06h00 - 20h00
CN: 06h00-11h30",1,,Hồng Đới,http://nhanhauclinic.com.vn/,,,,,,,,,,,,,,,,,,
97,ĐK PKĐK41,Phòng khám đa khoa - Trung tâm xét nghiệm và chẩn đoán y khoa- Medical Diag Center,"Khoa Nội
Khoa Tai mũi họng
Khoa Răng Hàm Mặt
Khoa Da liễu
Khoa Nhi
Khoa Phụ Khoa
Khoa Mắt","T2 - T7: 7h30 sáng - 12 trưa / 1 trưa - 4h30 chiều
CN: 7h30 sáng - 11h30 sáng (trừ khám chuyên khoa: tai mũi họng, nha, mắt, phụ, ngoại, da liễu)","T2 - T7: 7h30 sáng - 12 trưa / 1 trưa - 4h30 chiều
CN: 7h30 sáng - 11h30 sáng (trừ khám chuyên khoa: tai mũi họng, nha, mắt, phụ, ngoại, da liễu)","T2 - T7: 7h30 sáng - 12 trưa / 1 trưa - 4h30 chiều
CN: 7h30 sáng - 11h30 sáng (trừ khám chuyên khoa: tai mũi họng, nha, mắt, phụ, ngoại, da liễu)",1,,Hồng Đới,https://www.diag.vn/ve-diag,,,,,,,,,,,,,,,,,,
98,ĐK PKĐK42,Phòng khám đa khoa thuộc Công ty TNHH Phòng khám đa khoa Pháp Anh,"Khoa Khám bệnh
Khoa Nội tổng hợp
Khoa Ngoại tổng hợp
Khoa Tai Mũi Họng
Khoa Răng Hàm Mặt
Khoa Chẩn đoán hình ảnh
Khoa xét nghiệm
Khoa nội soi tiêu hóa","Thứ 2 - Thứ 7: 4h đến 18h
Chủ Nhật: 4h đến 12h","Thứ 2 - Thứ 7: 4h đến 18h
Chủ Nhật: 4h đến 12h","Thứ 2 - Thứ 7: 4h đến 18h
Chủ Nhật: 4h đến 12h",1,,Hồng Đới,https://phongkhamphapanh.com/,,,,,,,,,,,,,,,,,,
99,ĐK PKĐK43,Phòng khám đa khoa thuộc Chi nhánh 2 đường Ba Tháng Hai - Công ty TNHH Trung tâm Y khoa Phước An,"Khoa Nội 
Khoa Ngoại
Khoa Tai Mũi Họng
Khoa Mắt
Khoa Sản phụ khoa
Khoa Nhi
Khoa Răng Hàm Mặt
Khoa Vật lý trị liệu
Khoa Chẩn đoán hình ảnh
Khoa Xét nghiệm","Thứ 2 - Thứ 7: 7:00 am - 12:00 pm | 13:00 pm - 19:00 pm
Chủ nhật - Ngày lễ: 7:00 am - 12:00 pm","Thứ 2 - Thứ 7: 7:00 am - 12:00 pm | 13:00 pm - 19:00 pm
Chủ nhật - Ngày lễ: 7:00 am - 12:00 pm","Thứ 2 - Thứ 7: 7:00 am - 12:00 pm | 13:00 pm - 19:00 pm
Chủ nhật - Ngày lễ: 7:00 am - 12:00 pm",1,,Hồng Đới,https://ykhoaphuocan.vn/hethong/y-khoa-phuoc-an-2,,,,,,,,,,,,,,,,,,
100,ĐK PKĐK44,Phòng khám đa khoa thuộc Công ty Cổ phần Dịch vụ Đầu tu Saigon Healthcare,"Khoa Tim mạch
Khoa Nhi
Khoa Tiêu hóa
Khoa Xương khớp","Từ Thứ 2 - Thứ 7
Buổi sáng : Từ 6:00 - 11:30
Buổi chiều : Từ 13:00 - 18:00","Từ Thứ 2 - Thứ 7
Buổi sáng : Từ 6:00 - 11:30
Buổi chiều : Từ 13:00 - 18:00","Từ Thứ 2 - Thứ 7
Buổi sáng : Từ 6:00 - 11:30
Buổi chiều : Từ 13:00 - 18:00",1,,Hồng Đới,http://www.saigonhealthcare.vn/index.html,,,,,,,,,,,,,,,,,,
101,ĐK PKĐK45,Phòng khám đa khoa thuộc Chi nhánh Công ty Cổ phần Đầu tư Khang Minh - Trung tâm Y khoa Kỳ Hòa,"Khoa Xét nghiệm
Khoa Tai Mũi Họng
Khoa Mắt
Nha Khoa
Khoa Sản
Khoa Chẩn đoán hình ảnh (Nội soi, siêu âm, X-quang)","T2-T7: 06h30-19h00
CN: 07h00 - 11h30","T2-T7: 06h30-19h00
CN: 07h00 - 11h30","T2-T7: 06h30-19h00
CN: 07h00 - 11h30",1,,Hồng Đới,http://www.ykhoakyhoa.vn/,,,,,,,,,,,,,,,,,,
102,ĐK PKĐK46,Phòng khám đa khoa thuộc Công ty Cổ phần Thương mại và đầu tư Y tế Y Việt - Phòng khám bệnh viện Đại học Y Dược 1,"Khoa Chẩn đoán hình ảnh
Khoa Cơ-xương-khớp
Khoa Nhi
Khoa Sản - Phụ Khoa
Khoa Tai Mũi Họng
Khoa Tim mạch
Khoa hô hấp và miễn dịch di ứng lâm sàng
Khoa Nội soi
Khoa tiêu hóa gan mật
Khoa xét nghiệm
Khoa ngoại",T2-T7: 07h30-16h30,T2-T7: 07h30-16h30,T2-T7: 07h30-16h30,1,,Hồng Đới,https://www.umcclinic.com.vn/,,,,,,,,,,,,,,,,,,
103,ĐK PKĐK47,Phòng khám đa khoa thuộc Công ty TNHH Một thành viên Phòng khám đa khoa An Phúc,"Khoa Nội tổng quát
Khoa Chẩn đoán hình ảnh
Khoa Cơ xương khớp
Khoa Tai Mũi Họng
Khoa Sản phụ khoa
Khoa Nhi
Khoa Răng Hàm Mặt
Khoa Da liễu
Khoa Mắt","Sáng : 07:00 - 11:30
Chiều : 13:00 - 16:30
Tối : 17:00 - 20:00
Chủ nhật
Sáng : 07:00 - 11:30","Sáng : 07:00 - 11:30
Chiều : 13:00 - 16:30
Tối : 17:00 - 20:00
Chủ nhật
Sáng : 07:00 - 11:30","Sáng : 07:00 - 11:30
Chiều : 13:00 - 16:30
Tối : 17:00 - 20:00
Chủ nhật
Sáng : 07:00 - 11:30",1,,Hồng Đới,http://phongkhamanphuc.vn/,,,,,,,,,,,,,,,,,,
104,ĐK PKĐK48,Phòng khám đa khoa thuộc Công ty TNHH Phòng khám Đa khoa Ngọc Minh,"Khoa Nội soi tiêu hóa
Khoa Hô hấp
Khoa Tiêu hóa - Gan mật
Khoa Nội tiết
Khoa Tim mạch - lão học
Khoa Tai Mũi họng
Khoa Mắt
Khoa Răng Hàm Mặt
Khoa Nội Thận
Khoa Nội Thần Kinh
Khoa Ngoại tổng quát
Khoa Ngoại tiết niệu","– Sáng: Từ 06:00 đến 11:30
– Chiều: Từ 13:30 đến 17:00
– Tối: Từ 17:00 đến 20:00
– Chủ nhật: Từ 06:00 đến 12:00","– Sáng: Từ 06:00 đến 11:30
– Chiều: Từ 13:30 đến 17:00
– Tối: Từ 17:00 đến 20:00
– Chủ nhật: Từ 06:00 đến 12:00","– Sáng: Từ 06:00 đến 11:30
– Chiều: Từ 13:30 đến 17:00
– Tối: Từ 17:00 đến 20:00
– Chủ nhật: Từ 06:00 đến 12:00",1,,Hồng Đới,https://pkdkngocminh.com.vn/,,,,,,,,,,,,,,,,,,
105,ĐK PKĐK49,Phòng khám đa khoa thuộc Công ty TNHH Y khoa Ngọc Tâm,,,,,,,Hồng Đới,Không tìm được,,,,,,,,,,,,,,,,,,
106,ĐK PKĐK50,Phòng khám đa khoa thuộc Công ty TNHH Y - Dược Thái Anh,"Khoa Nội tổng quát
Khoa Răng hàm mặt
Khoa Sản phụ khoa
Khoa Ngoại tổng quát
Khoa Tai mũi họng
Khoa Mắt",Thứ 2 – Thứ 7: 07.30 – 20.00,Thứ 2 – Thứ 7: 07.30 – 20.00,Thứ 2 – Thứ 7: 07.30 – 20.00,1,,Hồng Đới,http://phongkhamthaianh.com/,,,,,,,,,,,,,,,,,,
107,ĐK PKĐK51,Phòng khám đa khoa thuộc Công ty TNHH y tế Hoà Hảo,"Khoa Thần kinh
Khoa Nội tổng quát
Khoa Nội tiết
Khoa Sản phụ khoa
Khoa Da liễu
Khoa Tiêu hóa - gan mật
Khoa Tim mạch
Khoa Tai mũi họng
Khoa Mắt","Hoạt động : Từ  4 giờ đến 19 giờ mỗi ngày
Ngày lễ và Chủ Nhật : Từ 4 giờ đến 12 giờ","Hoạt động : Từ  4 giờ đến 19 giờ mỗi ngày
Ngày lễ và Chủ Nhật : Từ 4 giờ đến 12 giờ","Hoạt động : Từ  4 giờ đến 19 giờ mỗi ngày
Ngày lễ và Chủ Nhật : Từ 4 giờ đến 12 giờ",1,,Hồng Đới,https://medic.com.vn/,,,,,,,,,,,,,,,,,,
108,ĐK PKĐK52,Phòng khám đa khoa thuộc Công ty Cổ phần Đầu tư Y Dược 99,,,,,,,Hồng Đới,Không tìm được,,,,,,,,,,,,,,,,,,
109,ĐK PKĐK53,Phòng khám đa khoa thuộc Chi nhánh Công ty TNHH Y Tế Thiên Ngọc,,,,,,,Hồng Đới,Không tìm được,,,,,,,,,,,,,,,,,,
110,ĐK PKĐK54,Phòng khám đa khoa thuộc Công ty TNHH Phòng khám đa khoa Thuận Kiều,"Khoa Xét nghiệm
Khoa Mắt
Khoa Da liễu
Khoa Tai Mũi Họng
Khoa Sản-phụ khoa
Khoa Răng Hàm Mặt
Khoa Nội tổng quát
Khoa Ngoại tổng quát
Khoa Chuẩn đoán hình ảnh",Từ T2-CN: 6h30 - 19h00,Từ T2-CN: 6h30 - 19h00,Từ T2-CN: 6h30 - 19h00,1,,Hồng Đới,https://phongkhamthuankieu.vn/,,,,,,,,,,,,,,,,,,
111,ĐK PKĐK55,Phòng khám đa khoa thuộc Công ty TNHH Y tế Đại Phước,"Khoa Tiêu hóa - Gan mật
Khoa Nhi
Khoa Tim mạch - Nội tiết
Khoa Sản-Phụ Khoa
Khoa Thận - Nam khoa
Khoa Tai - Mũi -Họng
Khoa Nội thần kinh
Khoa Nội Tiết
Khoa Cơ Xương khớp
Khoa Chẩn đoán hình ảnh
Khoa Da liễu
Khoa Tâm lý
Khoa Ngoại
Khoa Hô hấp
Khoa xét nghiệm
Khoa Răng hàm mặt
Khoa Ngoại khoa Thẩm mỹ
Khoa y học cổ truyền - PHCN
KHoa Nội soi Tiêu hóa","Thứ 2 - Thứ 7
Sáng: 06:00 đến 11:30
Chiều: 13:00 đến 20h00","Thứ 2 - Thứ 7
Sáng: 06:00 đến 11:30
Chiều: 13:00 đến 20h00","Thứ 2 - Thứ 7
Sáng: 06:00 đến 11:30
Chiều: 13:00 đến 20h00",1,,Hồng Đới,http://phongkhamdaiphuoc.vn/trang-chu,,,,,,,,,,,,,,,,,,
112,ĐK PKĐK56,Phòng khám đa khoa thuộc Công ty TNHH Phòng khám đa khoa Sài Gòn,,,,,,,Hồng Đới,https://phongkhamdakhoasaigon.com/gioi-thieu/,,,,,,,,,,,,,,,,,,
113,ĐK PKĐK57,Phòng khám đa khoa thuộc Công ty TNHH Thương mại và Dịch vụ Phòng khám đa khoa Nam Sài Gòn,"KHOA LIÊN CHUYÊN KHOA (PHÒNG KHÁM MẮT - RĂNG HÀM MẶT - TAI MŨI HỌNG - SẢN PHỤ KHOA)
KHOA CẤP CỨU & KHÁM BỆNH
KHOA HỒI SỨC TÍCH CỰC (ICU)
KHOA NGOẠI TỔNG HỢP - UNG BƯỚU
KHOA NỘI TỔNG HỢP
KHOA NGOẠI THẦN KINH
KHOA PHẪU THUẬT GÂY MÊ HỒI SỨC 
KHOA CHẤN THƯƠNG CHỈNH HÌNH & Y HỌC THỂ THAO 
KHOA XÉT NGHIỆM
KHOA CHẨN ĐOÁN HÌNH ẢNH 
KHOA THĂM DÒ CHỨC NĂNG
KHOA VẬT LÝ TRỊ LIỆU - PHỤC HỒI CHỨC NĂNG
KHOA DƯỢC ",,,,,,Vy Lê,http://benhviennamsaigon.com.vn/,,,,,,,,,,,,,,,,,,
114,ĐK PKĐK58,Phòng khám đa khoa thuộc Công ty TNHH Phòng khám đa khoa Bác sĩ Gia đình Phú Đức,"Vật lý trị liệu 
Cận Lâm sàng 
Chuyên khoa 
- Chuyên khoa nội 
- Chuyên  khoa  ngoại  
- Tai mũi họng  
- Khoa mắt  
- Nhi khoa
- Khám sức khoẻ tổng quát    
- Tầm soát ung thư  ",,,,"Khám tại nhà 
- khám  bệnh tại nhà  
- truyền dịch  tại nhà 
- xét  nghiệm tại nhà 
- dịch vụ khác ",,Vy Lê,https://bacsigiadinhphuduc.com/,,,,,,,,,,,,,,,,,,
115,ĐK PKĐK59,Phòng khám đa khoa Hưng Lộc thuộc Doanh nghiệp tư nhân Phòng khám đa khoa Hưng Lộc,"- Khám sức khỏe TT14: Khám sức khỏe doanh nghiệp; Khám sức khỏe thẻ xanh, Khám sức khỏe Lái xe.
- Khám sản phụ, nhi khoa, nội tổng quát
- Tiêm ngừa vắc-xin
- Rút máu Xét nghiệm tại nhà 
- Nội soi, X-Quang
- Siêu âm 
- Xét nghiệm: Hơn 100 kỹ thuật Xét nghiệm đạt chuẩn ATSH cấp I.","Thứ Hai - Thứ Bảy: Từ 7g00 đến 20g00. 
Chủ Nhật: Từ 7g00 đến 12g00",,,,,Vy Lê,https://datkham.youmed.vn/chi-tiet-phong-kham/phong-kham-da-khoa-hung-loc ,,,,,,,,,,,,,,,,,,
116,ĐK PKĐK60,Phòng khám đa khoa thuộc Chi nhánh Công ty TNHH Phòng khám đa khoa Phú Lâm - trung tâm Y khoa Phú Lâm,"Khoa ngoại 
Khoa nội  
Khoa sản 
Nhi khoa  
Khoa mắt  
Tai - mũi  - mọng  
Răng  - hàm  - mặt  
Khoa  da liễu 
Khoa xét nghiệm 
Chuẩn đoán hình ảnh  ","T2 - T6: 7h30 - 12h; 13h30 - 17h 00.
T7: Sáng 7h30 - 12h00 ",,,,,Vy Lê,http://phulammedics.com/  ,,,,,,,,,,,,,,,,,,
117,ĐK PKĐK61,Phòng khám đa khoa thuộc Công ty Cổ phần Phòng khám Đa khoa Thành An,,,,,,,Vy Lê, https://www.facebook.com/pkdkthanhan/ ,,,,,,,,,,,,,,,,,,
118,ĐK PKĐK62,Phòng khám đa khoa thuộc Công ty TNHH Một thành viên Đầu tư và Dịch vụ Việt Phước,"KHOA NHI 
KHOA DA LIỄU
KHOA HỒI SỨC - CẤP CỨU
KHOA TAI MŨI HỌNG
KHOA CHẨN ĐOÁN HÌNH ẢNH
KHOA XÉT NGHIỆM
NHA KHOA
SIÊU ÂM
SẢN PHỤ KHOA
KHOA NỘI TỔNG QUÁT
NGOẠI KHOA",7:00 - 21:00 ,,,,,Vy Lê,http://www.dakhoavietphuoc.com/ ,,,,,,,,,,,,,,,,,,
119,ĐK PKĐK63,Phòng khám đa khoa thuộc Công ty TNHH Phòng khám Bảo An Khang,"Phục hồi chức năng  - vật lí trị liệu  
Da liễu  
Nha khoa  
tai mũi họng  
Nhi  
Sản  
Ngoại  
Nội  tỏng  quát  ",,,,"Khám và điều trị các chuyên khoa  
Khám sức khoẻ doanh nghiệp  
Khám sức khoẻ cá nhân  
",,Vy Lê,http://bakclinic.prweb.com.vn/,,,,,,,,,,,,,,,,,,
120,ĐK PKĐK64,Phòng khám đa khoa thuộc Công ty TNHH Phòng khám đa khoa Phước Linh,,,,,,,Vy Lê, https://www.facebook.com/pkdkphuoclinh ,,,,,,,,,,,,,,,,,,
121,ĐK PKĐK65,Phòng khám đa khoa (Phòng khám số 2) thuộc Công ty TNHH Phòng khám Gia đình Thành phố Hồ Chí Minh ,,,,,,,Vy Lê,https://www.vietnammedicalpractice.com/care1/vn/v%25E1%25BB%2581-ch%25C3%25BAng-t%25C3%25B4i/ch%25C3%25A0o-m%25E1%25BB%25ABng-%25C4%2591%25E1%25BA%25BFn-v%25E1%25BB%259Bi-ph%25C3%25B2ng-kh%25C3%25A1m-care1 ,,,,,,,,,,,,,,,,,,
122,ĐK PKĐK66,Phòng khám đa khoa thuộc Chi nhánh Công ty TNHH Vì Dân,"Khoa Chẩn Đoán Hình Ảnh
Khoa Chủng Ngừa
Khoa Da Liễu
Khoa Ngoại Tổng Quát
Khoa Nội Tiêu Hóa
Khoa Nội Tổng Quát
Khoa Nội Tuần Hoàn
Khoa Tai Mũi Họng
Khoa Thận - Nội tiết
Nha Khoa
Nhi Khoa
Phụ Khoa
Sản Khoa","CN:07:30 - 11:30
T2,T3,T4,T5,T6,T7:07:30 - 17:30",,,,,Vy Lê,https://timbenhvien.vn/chi-tiet/phong-kham-da-khoa-vi-dan/2038 ,,,,,,,,,,,,,,,,,,
123,ĐK PKĐK67,Phòng khám đa khoa thuộc Công ty Cổ phần Phòng khám Olympus Gia Mỹ,"Nội khoa
Ngoại khoa, khám và tiểu phẫu tổng quát, u bướu
Sinh thiết và chọc hút u bướu bằng kim nhỏ (FNA)
Tư vấn phẫu thuật
Nha khoa
Phụ khoa
Tai – mũi – họng
Khám mắt – đo mắt
Nội soi Tai – Mũi – Họng
Nội soi Tiêu hóa","Thứ Hai - thứ Bảy: 06h00- 19h00
Chủ nhật: 06h00-12h00",,,,,Vy Lê,http://olympusgiamy.com.vn/,,,,,,,,,,,,,,,,,,
124,ĐK PKĐK68,Phòng khám đa khoa thuộc Khoa khám bệnh Trung tâm Y tế Quận Bình Thạnh,"Khám thai, phụ khoa 
Khám lao 
Khám bác sĩ gia đình 
Khám HIV/AIDS",,,,,,Vy Lê,http://trungtamytebinhthanh.medinet.gov.vn/phong-kham-da-khoa-c4741.aspx,,,,,,,,,,,,,,,,,,
125,ĐK PKĐK69,Phòng khám đa khoa thuộc công ty TNHH Phòng khám đa khoa Jio Health,"Nhi khoa 
Khám sức khoẻ định kì 
Khám tổng quát 
Điều dưỡng tại nhà 
Tim mạch 
Nội tiết 
Thận - tiết niệu 
Chăm sóc thai sản 
Chăm sóc sức khoẻ thị lực 
Da liễu 
Tầm soát ung thư di truyền 
Dị ứng, miễn dịch ",,,,,"- Bác sĩ đến nhà 
- Nhà thuốc trực tuyến (giao tận nhà) 
- Tư vấn sức khoẻ từ xa qua video + chat",Vy Lê,https://jiohealth.com/,,,,,,,,,,,,,,,,,,
126,ĐK PKĐK70,Phòng khám đa khoa thuộc Công ty trách nhiệm hữu hạn Phòng khám Đa khoa Quốc tế Hàng Xanh,"Khoa nội tổng quát 
Khoa ngoại tổng quát 
Khoa tai mũi họng 
Khoa răng hàm mặt 
Khoa mắt 
Khoa cấp cứu 
Khoa tiêm chủng 
Khoa xét nghiệm 
Khoa CĐHA 
Khoa da liễu 
Sản phụ khoa ",,,,"Khám bảo hiểm y tế 
Khám sức khoẻ tổng quát 
Khám sức khoẻ công ty ",,Vy Lê, https://phongkhamhangxanh.vn/,,,,,,,,,,,,,,,,,,
127,ĐK PKĐK71,Phòng khám đa khoa thuộc Công ty Cổ phần Phòng khám đa khoa Thiên Ý Củ Chi,," Thứ 2 đến Thứ 6 hàng tuần, 09:00 đến 20:00. ",,,"Cấp cứu 24/24
Khám bảo hiểm y tế
Khám và điều trị các bệnh về xương khớp
Khám và điều trị bệnh lý về cột sống
Khám và điều trị các bệnh ngoài da
Khám và điều trị các bệnh lý tiêu hóa
Khám và điều trị các bệnh lý gan thận
Khám và điều trị trĩ
Phục hồi chức năng
Chuyên kê thuốc theo thang, thuốc chế phẩm
Châm cứu
Day ấn huyệt
Điện châm
Kéo giãn cột sống
Khám sức khỏe tổng quát cho cơ quan, xí nghiệp
Khám sức khỏe cho người xin việc, thi lái xe",,Vy Lê,"https://thuocdantoc.vn/phong-kham-da-khoa-thien-y-huyen-cu-chi-tp-hcm.html 

 https://www.facebook.com/pkdkthieny/ 

",,,,,,,,,,,,,,,,,,
128,ĐK PKĐK72,Phòng khám đa khoa thuộc Công ty TNHH Dịch vụ Y tế Thiện Phước,"Khoa Cấp cứu
Khoa Chẩn đoán hình ảnh
Khoa Nội tổng quát
Khoa Ngoại tổng quát
Khoa Xét nghiệm
Nhi khoa
Sản khoa
Phụ khoa
Nha khoa",,,,"Hồi sức cấp cứu và chống độc
Chẩn đoán hình ảnh
Xét nghiệm
Khám & điều trị bệnh Nhi
Khám & điều trị bệnh Răng Hàm Mặt
Khám & điều trị bệnh Sản – Phụ khoa
Khám & điều trị bệnh Ngoại khoa
Khám & điều trị bệnh Nội khoa.",,Vy Lê,https://thuocdantoc.vn/phong-kham-da-khoa-thien-phuoc-huyen-cu-chi.html ,,,,,,,,,,,,,,,,,,
129,ĐK PKĐK73,Phòng khám đa khoa thuộc Công ty TNHH Tân Quy,,Cả tuần từ 7:00 - 21:00 ,,,"Cấp cứu 24/24
Khám & điều trị bệnh nội khoa
Khám & điều trị bệnh ngoại khoa
Khám & điều trị bệnh Tai Mũi Họng
Khám & điều trị bệnh Răng Hàm Mặt
Khám & điều trị bệnh Da liễu
Phục hồi chức năng
Tiêm ngừa
Xét nghiệm
Siêu âm
X-quang
Y học cổ truyền.",,Vy Lê,https://phong-kham-a-khoa-tan-quy.business.site/ ,,,,,,,,,,,,,,,,,,
130,ĐK PKĐK74,Phòng khám đa khoa thuộc Công ty TNHH Y khoa Quốc tế Thiện Phúc,"Răng - Hàm - Mặt
Da liễu
Tiêu hóa - Gan mật
Tim mạch
Nội tiết
Tai - Mũi - Họng
Nhãn khoa
Sản phụ khoa
Nhi",Thứ Hai - Chủ Nhật: 08:00 - 20:00,,,,,Vy Lê,https://medicity.vn/ho-chi-minh/phong-kham-da-khoa-thien-phuc-64721 ,,,,,,,,,,,,,,,,,,
131,ĐK PKĐK75,Phòng khám đa khoa Nguyễn Thái Sơn thuộc khoa Khám bệnh Trung tâm Y tế quận Gò Vấp,,,,,,,Vy Lê,https://www.facebook.com/Ph%C3%B2ng-kh%C3%A1m-%C4%91a-khoa-Nguy%E1%BB%85n-Th%C3%A1i-S%C6%A1n-2035431050082117/ ,,,,,,,,,,,,,,,,,,
132,ĐK PKĐK76,Phòng khám đa khoa thuộc Công ty Cổ phần Phòng khám đa khoa Hữu Nghị,"Nội tổng quát 
Tai - mũi - họng 
Nhi khoa 
Khoa phụ sản 
Ngoại tổng quát 
Khoa mắt ","Từ thứ 2 đến thứ 7 - Sáng 07h00 - 20h30

Chủ nhật - Sáng 7h00 - 11h30",,,,,Vy Lê,https://www.hoanmyhuunghi.com/#slider ,,,,,,,,,,,,,,,,,,
133,ĐK PKĐK77,Phòng khám đa khoa thuộc Công ty TNHH Chẩn đoán y khoa Tâm Phúc,,,,,,,Vy Lê,http://ykhoatamphuc.com/ ,,,,,,,,,,,,,,,,,,
134,ĐK PKĐK78,Phòng khám đa khoa thuộc Công ty TNHH đầu tư y tế Trần Diệp Khanh,,,,,,,Vy Lê,,,,,,,,,,,,,,,,,,,
135,ĐK PKĐK79,Phòng khám đa khoa thuộc Công ty TNHH Phòng khám đa khoa Bắc Sài Gòn - VN Clinic,"Khám sức khoẻ tổng quát 
Khoa  nhi  
Khoa  nội 
Khoa ngoại  
Khoa sản 
Khoa  mắt  
Khoa  tai mũi họng 
Khoa răng hàm  mặt 
Khoa  da  liễu  
Chuẩn đoán  hình  ảnh  
Xét nghiệm  
Chủng  ngừa","Sáng: 7:30 - 11:30 
Chiều: 13:30 - 20:30
Làm  việc  các  ngày  trong  tuần  ",,,,,Vy Lê,http://trandiepkhanh.com.vn/index.html ,,,,,,,,,,,,,,,,,,
136,ĐK PKĐK80,Phòng khám đa khoa thuộc Công ty TNHH Phòng khám đa khoa Nhơn Tâm,"CẤP CỨU
KHOA NỘI
KHOA NGOẠI
KHOA SẢN
TAI MŨI HỌNG
RĂNG HÀM MẶT
KHOA NHI
KHOA MẮT
KHOA DA LIỄU
KHOA XÉT NGHIỆM
CHẨN ĐOÁN HÌNH ẢNH
KHOA YHCT ",,,,,,Vy Lê,http://nhontamclinic.com/,,,,,,,,,,,,,,,,,,
137,ĐK PKĐK81,Phòng khám đa khoa thuộc Công ty TNHH Polycare,"Nội soi chẩn đoán
Ngoại khoa – Ung bướu 
Phụ khoa – Ung bướu
Nội khoa ung bướu, tiết niệu, nam khoa
Chẩn đoán hình ảnh
Khoa xét nghiệm
Khoa tai mũi họng
Khoa mắt
",,,"Thứ hai đến thứ sáu: 7:30 – 18:30
Thứ bảy: 7:30 – 16:30
Chủ nhật: 7:30 – 11:30 ",,,Vy Lê,https://thuocdantoc.vn/phong-kham-da-khoa-polycare-phuoc-kien-nha-be-tp-hcm.html ,,,,,,,,,,,,,,,,,,
138,ĐK PKĐK82,Phòng khám đa khoa thuộc Chi nhánh 1 Công ty TNHH Trung tâm Y khoa Hợp Nhân,"Chuyên khoa nội  
Da liễu  
Nhi  khoa  
Răng hàm mặt
Chuyên khoa mắt 
Sản phụ khoa  
Tai mũi họng  
Phục hồi chức năng    
Chuẩn đoán hình ảnh  
Xét nghiệm  
Dược  ","Từ thứ 2- thứ 7: Từ 6h sáng – 7h tối

Chủ nhật: 6h sáng – 12h trưa ",,,,,Vy Lê,http://ykhoahopnhan.vn/ ,,,,,,,,,,,,,,,,,,
139,ĐK PKĐK83,Phòng khám đa khoa Hoàn Mỹ Sài Gòn thuộc Chi nhánh Công ty Cổ phần bệnh viện đa khoa Hoàn Mỹ Sài Gòn,"Tim mạch  
Nội tiết - chuyển  hoá  
Sản - phụ  khoa  
Tiêu hoá 
Ngoại tổng quát
Nhi 
Nội  tổng quát 
Tai - mũi  - họng  
Cơ xương khớp 
Da lliễu  
Hô hấp  
Mắt ",,,,,,Vy Lê,https://www.hoanmysaigonclinic.com/#gioi-thieu ,,,,,,,,,,,,,,,,,,
140,ĐK PKĐK84,Phòng khám đa khoa thuộc Công ty Cổ phần Bệnh viện Khu Công Nghệ Cao,,,,,,,Vy Lê,,,,,,,,,,,,,,,,,,,
141,ĐK PKĐK85,Phòng khám đa khoa thuộc Công ty TNHH Bệnh viện Thánh Mẫu,"Chuyên khoa cơ xương khớp 
Chuyên khoa tiêu hoá 
Chuyên khoa nội tim mạch 
Chuyên khoa mắt - nhẵn  khoa
Vật lí trị liệu - Phục  hồi chức năng  
Phòng siêu âm 
Chuyên  khoa y học cổ truyền 
Chuyên  khoa nam  khoa  
Phòng  cấp  cứu  ",,,,,,Vy Lê,https://benhvienthanhmau.com/,,,,,,,,,,,,,,,,,,
142,ĐK PKĐK86,Phòng khám đa khoa thuộc Công ty TNHH CITYCLINIC Việt Nam,"Khoa Nội tổng quát
Khoa Nhi
Khoa Nha
Khoa Tim mạch
Khoa Hô hấp
Khoa Gan – Tiêu hóa
Khoa Nội thần kinh
Khoa Mắt
Khoa Tai – Mũi – Họng
Khoa Sản phụ khoa
Khoa Chẩn đoán hình ảnh
Khoa Xét nghiệm
Khoa Da liễu
Tiểu phẩu
","Thứ 2 - Thứ 6: 8:00 - 20:00
- 8:00 - 17:00 (Tất cả các chuyên khoa)
- 17:00 - 20:00 (Chuyên khoa Nhi & Xét nghiệm)
Thứ 7: 8:00 - 17:00 (Tất cả các chuyên khoa)
Chủ nhật: 8:00 - 12:00 (Chuyên khoa Nhi & Xét nghiệm) ",,,,,Vy Lê,https://careplusvn.com/vi/ ,,,,,,,,,,,,,,,,,,
143,ĐK PKĐK87,Phòng khám đa khoa thuộc Công ty TNHH dịch vụ Y tế Gentical Lạc Long Quân,,,,,,,Vy Lê,https://gentical.vn/ ,,,,,,,,,,,,,,,,,,
144,ĐK PKĐK88,Phòng khám đa khoa thuộc Công ty TNHH Phòng khám đa khoa Quốc Tế Golden Healthcare,"Nội tổng quát
Khoa Nhi
Khoa nha
Sản phụ khoa
Khám – nội soi tai mũi họng
Khám – Nội soi tiêu hóa
Khoa Chẩn Đoán Hình Ảnh
Khoa Mắt
Khoa Xét Nghiệm
Khoa Dược",https://goldenhealthcarevn.com/bac-si-lich-lam-viec/,,,,,Vy Lê,https://goldenhealthcarevn.com/ ,,,,,,,,,,,,,,,,,,
145,ĐK PKĐK89,Phòng khám đa khoa thuộc Công ty TNHH Y khoa Hoàng Mỹ Sài Gòn,"Khoa nội  
Khoa  ngoại  
Sản phụ khoa 
Da liễu  
Tai mũi họng 
Răng hàm mặt
Nhãn khoa 
Xét nghiệm chuyên khoa  ",,,,,,Vy Lê,https://hoangmysaigon.com/ ,,,,,,,,,,,,,,,,,,
146,ĐK PKĐK90,Phòng khám đa khoa thuộc Công ty TNHH Một thành viên Thương mại - Dịch vụ Y tế Tân Bình,"Phòng khám nội tổng hợp 
Phòng cấp cứu  
Phòng  nội  soi dạ dày  
Phòng tiêm chủng 
Khoa ngoại  
Khoa phụ sản
Khoa tai mũi họng 
Khoa Răng hàm mặt 
Khoa mắt 
Khoa da liễu  
Khoa nhi  
Chuẩn đoán hình ảnh  
Xét nghiệm   ",,,,,,Vy Lê,http://www.tanimedi.com/,,,,,,,,,,,,,,,,,,
147,ĐK PKĐK91,Phòng khám đa khoa thuộc Công ty Cổ phần Trung tâm Y khoa Thành Công,"Khoa tai mũi  họng 
Khoa răng hàm mặt 
Khoa nhi  
Sản - phụ khoa  
Khoa nội  
Khoa ngoại  
Khoa mắt  
Chuẩn đoán hình ảnh  
Phòng  xét nghiệm ","Thứ 2 - Thứ 7: 7:30 - 19:30

Chủ nhật: 7:30 - 11:30 ",,,,,Vy Lê,http://www.thanhcongclinic.com/vi/ ,,,,,,,,,,,,,,,,,,
148,ĐK PKĐK92,Phòng khám đa khoa thuộc Công ty TNHH Phòng khám đa khoa Hy Vọng,,,,,,,Vy Lê,http://www.phongkhamhyvong.com/ ,,,,,,,,,,,,,,,,,,
149,ĐK PKĐK93,Phòng khám đa khoa thuộc Công ty TNHH Sản Xuất Thương Mại Dịch vụ Riết Thân,"Khoa Cận lâm sàng Tổng quát
Khoa Da liễu
Khoa Nhi
Khoa Tai – Mũi – Họng
Khoa Răng – Hàm – Mặt
Khoa Ngoại Tổng quát
Khoa Nội Tổng quát: thần kinh, tiết niệu, tiêu hóa, gan mật,…
Khoa Mắt
Khoa Chủng ngừa
Sản phụ khoa
Chẩn đoán hình ảnh
Xét nghiệm ",Thứ 2 – Chủ nhật: từ 8 giờ sáng – 19 giờ tối. ,,,,,Vy Lê,https://thuocdantoc.vn/phong-kham-da-khoa-cho-cau.html ,,,,,,,,,,,,,,,,,,
150,ĐK PKĐK94,Phòng khám đa khoa thuộc Công ty TNHH Đa khoa Phước  Sơn,"Nội, Ngoại, Sản, Nhi, Mắt, Tai Mũi Họng, Răng Hàm Mặt, Tim Mạch, Mạch máu, Phổi, Thận tiết Niệu, Tiêu hóa Gan mật, Da Liễu, Cơ xương khớp, Chấn thương, Phục hồi chức năng, Thần kinh, Nội tiết, Nam khoa và vô sinh, Cấp cứu, Xét nghiệm, Chẩn đoán hình ảnh gồm siêu âm, X quang, Nội soi, Đo loãng xương hiện đại bằng X ray ",,,,,,Vy Lê,https://www.facebook.com/YtehangdauThuDuc/,,,,,,,,,,,,,,,,,,
151,ĐK PKĐK95,Phòng khám đa khoa thuộc Công ty Cổ phần Y khoa CHAC 2,"Hô hấp người lớn
Hô hấp trẻ em
Xét nghiệm
Phòng khám Tổng quát
Nội soi tiêu hóa
Nhà thuốc
Chẩn đoán hình ảnh
Tai – Mũi – Họng","
Thứ 2 - Thứ 7: 7h30 - 16h30
Tối thứ 5 : 17h - 19h
Chủ nhật  : 7h30 - 11h30 ",,,"Khám hẹn giờ  
Đo  nồng  độ cồn  online",,Vy Lê,http://chac.vn/ ,,,,,,,,,,,,,,,,,,
152,ĐK PKĐK96,Phòng khám đa khoa thuộc Công ty TNHH Phòng khám đa khoa Khu Công Nghiệp Tân Tạo,,,,,,,Vy Lê,,,,,,,,,,,,,,,,,,,
153,ĐK PKĐK97,Phòng khám đa khoa thuộc Chi nhánh Công ty TNHH Bệnh viện Quốc tế Doctor Khoa,"Tai - mũi  - họng  
Răng  - hàm - mặt  
Đo điện tim - điện  não 
Khám nhi  
Khám phụ khoa  
Chuyên khoa siêu âm tổng quát 
Phòng khám nội 
Phòng  tiểu  phẫu  
Phòng nội soi  
Hồi  sức - Cấp  cứu  
Phòng X quang 
Phòng  xét  nghiệm  ",Thứ 2 – Chủ nhật: 7h00-20h30 ,,,,,Vy Lê,https://drkhoa.com/ ,,,,,,,,,,,,,,,,,,
154,ĐK PKĐK98,Phòng khám đa khoa thuộc Công ty TNHH Vigor Health,,"Thứ 2 - Thứ 7
- Sáng: 07:30 - 11:30
- Chiều: 13:00 - 17:00",,,,,Vy Lê,https://vigorhealth.com.vn/ ,,,,,,,,,,,,,,,,,,
155,ĐK PKĐK99,Phòng khám đa khoa thuộc Trung tâm Y tế Quận Phú Nhuận,,,,,,,Vy Lê,http://trungtamytephunhuan.medinet.gov.vn/phong-kham-da-khoa-c16096.aspx ,,,,,,,,,,,,,,,,,,
156,ĐK PKĐK100,Phòng khám đa khoa thuộc Công ty TNHH Y Hoàng Anh Dũng,,,,,,,Vy Lê,,,,,,,,,,,,,,,,,,,
157,ĐK PKĐK101,Phòng khám đa khoa thuộc Công ty TNHH Dịch vụ Y tế và phòng khám đa khoa Tâm An,"Vật lí trị liệu - phục  hồi  chức  năng  
Cấp  cứu  
Nội  tổng  quát  
Ngoại  tổng  quát  
Y  học gia đình 
Phụ sản
Nhi  
Y học cổ truyền  
Cơ  xương khớp 
Tai - mũi  - họng 
Mắt 
Răng  - hàm - mặt  
Da liễu 
Xét nghiệm  
Chuẩn đoán hình ảnh",,,,,,Vy Lê,http://phongkhamtaman.com/ ,,,,,,,,,,,,,,,,,,
158,ĐK PKĐK102,PKĐK thuộc TTYT Quận 4,"Chuyên khoa nội 
Chuyên  khoa  nhi  
Chuyên khoa sản 
Chuyên  khoa ngoại  
Chuyên  khoa y học cổ truyền  
Chuyên khoa răng hàm mặt
Chuyên khoa xét nghiệm và chuẩn đoán  hình ảnh ",,,,,,Vy Lê,http://trungtamytequan4.medinet.gov.vn/phong-kham-da-khoa/phong-kham-da-khoa-thuoc-trung-tam-y-te-quan-4-cmobile16070-15603.aspx# ,,,,,,,,,,,,,,,,,,
159,ĐK PKĐK103,Phòng khám đa khoa thuộc Công ty TNHH DYM Medical Center Việt Nam,,"Thứ 2 - Thứ  7: 8:00 - 17:00 
Nghỉ  chủ  nhật  ",,,,,Vy Lê,https://dymmedicalcenter.com.vn/en/ ,,,,,,,,,,,,,,,,,,
160,ĐK PKĐK104,Phòng khám đa khoa thuộc Công ty Cổ phần Dịch vụ Y tế và Thương Mai Nhân Việt,"Khoa nội 
Khoa  ngoại  
Khoa sản 
Khoa nhi 
Khoa  da  liễu  
Khoa mắt  
Khoa răng  hàm mặt 
Khoa tai mũi  họng ",7:00 - 20:00 các  ngày  trong  tuần  ,,,,,Vy Lê,https://phongkhamnhanviet.com/ ,,,,,,,,,,,,,,,,,,
161,ĐK PKĐK105,Phòng khám đa khoa thuộc Công ty TNHH Phòng khám đa khoa Việt Mỹ Sài Gòn,"Khoa Nội Tiêu Hóa
Khoa Nội Tổng Quát
Khoa Nội Tuần Hoàn
Khoa Tai Mũi Họng
Khoa Thận - Nội tiết
Lão Khoa
Nhi Khoa
Phụ Khoa
Sản Khoa","CN:07:00 - 17:00
T2,T3,T4,T5,T6,T7:07:00 - 20:00",,,,,Vy Lê,https://timbenhvien.vn/chi-tiet/phong-kham-da-khoa-viet-my/2091 ,,,,,,,,,,,,,,,,,,
162,ĐK PKĐK106,Phòng khám đa khoa thuộc Sim Medical Center - Chi nhánh Công ty Cổ phần Sim Med,"Khoa sản 
Khoa  phụ  
Khoa  nhi  
Khoa nội tổng quát 
Khoa  ngoại  tổng  quát  
Khoa tai mũi họng  
Chuẩn đoán hình ảnh
Xét  nghiệm  
Tiêm  chủng  ",Thứ 2 - Chủ  nhật : 7:30 - 20:00 ,,,,,Vy Lê,https://www.simmed.vn/ ,,,,,,,,,,,,,,,,,,
163,ĐK PKĐK107,Phòng khám đa khoa Quốc tế Timec thuộc Công ty Cổ phần Chăm sóc Y tế Quốc  tế Tecco,"Khoa Xét Nghiệm
Khoa Chẩn Đoán Hình Ảnh
Khoa Ngoại Tổng Quát
Khoa Vật Lý Trị Liệu – Phục Hồi Chức Năng
Khoa Da Liễu
Sản Phụ Khoa
Khoa Tai Mũi Họng
Nha Khoa
Khoa Nhi
Khoa Nội Tổng Quát","Thứ 2 - Thứ 7: 7:30 - 17:30
Chủ nhật: 7:30 - 11:30 ",,,,,Vy Lê,https://timec.vn/ ,,,,,,,,,,,,,,,,,,
164,ĐK PKĐK108,Phòng khám đa khoa Quốc tế Leancare thuộc công ty Cổ phần Giải pháp Chăm sóc sức khỏe Tâm hợp,"Nội tim mạch 
Nội cơ xương khớp 
Tiêu hoá - gan  mật  
Nội  tiết  
Ngoại khoa 
Lão  khoa  
Nhi  khoa  
Phụ  khoa  
Tai  mũi  họng  
Nhãn khoa  
Nha  khoa  
Chuẩn đoán hình ảnh  
Xét nghiệm  ",,,,,,Vy Lê,http://leancare.com.vn/ ,,,,,,,,,,,,,,,,,,
165,ĐK PKĐK109,Phòng khám đa khoa thuộc Phòng khám Careplus Quận 1 - Chi nhánh Công ty TNHH Cityclinic Việt Nam,"Khoa Nội tổng quát
Khoa Nhi
Khoa Nha
Khoa Tim mạch
Khoa Hô hấp
Khoa Gan – Tiêu hóa
Khoa Nội thần kinh
Khoa Mắt
Khoa Tai – Mũi – Họng
Khoa Sản phụ khoa
Khoa Chẩn đoán hình ảnh
Khoa Xét nghiệm
Khoa Da liễu
Tiểu phẩu
","Thứ 2 - Thứ 6: 8:00 - 20:00
- 8:00 - 17:00 (Tất cả các chuyên khoa)
- 17:00 - 20:00 (Chuyên khoa Nhi & Xét nghiệm)
Thứ 7: 8:00 - 17:00 (Tất cả các chuyên khoa)
Chủ nhật: 8:00 - 12:00 (Chuyên khoa Nhi & Xét nghiệm) ",,,,trùng  với số 91,Vy Lê,https://careplusvn.com/vi/,,,,,,,,,,,,,,,,,,
166,ĐK PKĐK110,Phòng khám đa khoa Khánh Tâm – Công ty TNHH Y tế Thu An Khánh,"Sản – Phụ khoa
Chẩn đoán hình ảnh
Tai – Mũi – Họng
Răng – Hàm – Mặt
Da liễu
Mắt
Xét nghiệm",7:00 - 21:00 ,,,,,Vy Lê,,,,,,,,,,,,,,,,,,,
167,ĐK PKĐK111,Phòng khám đa khoa thuộc Công ty Cổ phần Đại Y,,"Thần kinh - Cột sống
Cơ xương khớp
Vật lý trị liệu & Phục hồi
Nội tổng quát
Tiết niệu - Nam khoa
Nha khoa
Điều trị vết thương
Chẩn đoán hình ảnh
Khoa xét nghiệm
Tiểu phẫu","Từ 6-20h hàng ngày.
Thứ 2 đến thứ 7 hàng tuần. ",,,,Vy Lê,https://daiyclinic.com/ ,,,,,,,,,,,,,,,,,,
,,,,,,,,,,,,,,,,,,,,,,,,,,,,
,,,,,,,,,,,,,,,,,,,,,,,,,,,,
,,,,,,,,,,,,,,,,,,,,,,,,,,,,
,,,,,,,,,,,,,,,,,,,,,,,,,,,,
,,,,,,,,,,,,,,,,,,,,,,,,,,,,
,,,,,,,,,,,,,,,,,,,,,,,,,,,,
,,,,,,,,,,,,,,,,,,,,,,,,,,,,
,,,,,,,,,,,,,,,,,,,,,,,,,,,,
,,,,,,,,,,,,,,,,,,,,,,,,,,,,
,,,,,,,,,,,,,,,,,,,,,,,,,,,,
,,,,,,,,,,,,,,,,,,,,,,,,,,,,
,,,,,,,,,,,,,,,,,,,,,,,,,,,,
,,,,,,,,,,,,,,,,,,,,,,,,,,,,
,,,,,,,,,,,,,,,,,,,,,,,,,,,,
,,,,,,,,,,,,,,,,,,,,,,,,,,,,
,,,,,,,,,,,,,,,,,,,,,,,,,,,,
,,,,,,,,,,,,,,,,,,,,,,,,,,,,
,,,,,,,,,,,,,,,,,,,,,,,,,,,,
,,,,,,,,,,,,,,,,,,,,,,,,,,,,
,,,,,,,,,,,,,,,,,,,,,,,,,,,,
,,,,,,,,,,,,,,,,,,,,,,,,,,,,
,,,,,,,,,,,,,,,,,,,,,,,,,,,,
,,,,,,,,,,,,,,,,,,,,,,,,,,,,
,,,,,,,,,,,,,,,,,,,,,,,,,,,,
,,,,,,,,,,,,,,,,,,,,,,,,,,,,
,,,,,,,,,,,,,,,,,,,,,,,,,,,,
,,,,,,,,,,,,,,,,,,,,,,,,,,,,
,,,,,,,,,,,,,,,,,,,,,,,,,,,,
,,,,,,,,,,,,,,,,,,,,,,,,,,,,
,,,,,,,,,,,,,,,,,,,,,,,,,,,,
,,,,,,,,,,,,,,,,,,,,,,,,,,,,
,,,,,,,,,,,,,,,,,,,,,,,,,,,,
,,,,,,,,,,,,,,,,,,,,,,,,,,,,
,,,,,,,,,,,,,,,,,,,,,,,,,,,,
,,,,,,,,,,,,,,,,,,,,,,,,,,,,
,,,,,,,,,,,,,,,,,,,,,,,,,,,,
,,,,,,,,,,,,,,,,,,,,,,,,,,,,
,,,,,,,,,,,,,,,,,,,,,,,,,,,,
,,,,,,,,,,,,,,,,,,,,,,,,,,,,
,,,,,,,,,,,,,,,,,,,,,,,,,,,,
,,,,,,,,,,,,,,,,,,,,,,,,,,,,
,,,,,,,,,,,,,,,,,,,,,,,,,,,,
,,,,,,,,,,,,,,,,,,,,,,,,,,,,
,,,,,,,,,,,,,,,,,,,,,,,,,,,,
,,,,,,,,,,,,,,,,,,,,,,,,,,,,
,,,,,,,,,,,,,,,,,,,,,,,,,,,,
,,,,,,,,,,,,,,,,,,,,,,,,,,,,
,,,,,,,,,,,,,,,,,,,,,,,,,,,,
,,,,,,,,,,,,,,,,,,,,,,,,,,,,
,,,,,,,,,,,,,,,,,,,,,,,,,,,,
,,,,,,,,,,,,,,,,,,,,,,,,,,,,
,,,,,,,,,,,,,,,,,,,,,,,,,,,,
,,,,,,,,,,,,,,,,,,,,,,,,,,,,
,,,,,,,,,,,,,,,,,,,,,,,,,,,,
,,,,,,,,,,,,,,,,,,,,,,,,,,,,
,,,,,,,,,,,,,,,,,,,,,,,,,,,,
,,,,,,,,,,,,,,,,,,,,,,,,,,,,
,,,,,,,,,,,,,,,,,,,,,,,,,,,,
,,,,,,,,,,,,,,,,,,,,,,,,,,,,
,,,,,,,,,,,,,,,,,,,,,,,,,,,,
,,,,,,,,,,,,,,,,,,,,,,,,,,,,
,,,,,,,,,,,,,,,,,,,,,,,,,,,,
,,,,,,,,,,,,,,,,,,,,,,,,,,,,
,,,,,,,,,,,,,,,,,,,,,,,,,,,,
,,,,,,,,,,,,,,,,,,,,,,,,,,,,
,,,,,,,,,,,,,,,,,,,,,,,,,,,,
,,,,,,,,,,,,,,,,,,,,,,,,,,,,
,,,,,,,,,,,,,,,,,,,,,,,,,,,,
,,,,,,,,,,,,,,,,,,,,,,,,,,,,
,,,,,,,,,,,,,,,,,,,,,,,,,,,,
,,,,,,,,,,,,,,,,,,,,,,,,,,,,
,,,,,,,,,,,,,,,,,,,,,,,,,,,,
,,,,,,,,,,,,,,,,,,,,,,,,,,,,
,,,,,,,,,,,,,,,,,,,,,,,,,,,,
,,,,,,,,,,,,,,,,,,,,,,,,,,,,
,,,,,,,,,,,,,,,,,,,,,,,,,,,,
,,,,,,,,,,,,,,,,,,,,,,,,,,,,
,,,,,,,,,,,,,,,,,,,,,,,,,,,,
,,,,,,,,,,,,,,,,,,,,,,,,,,,,
,,,,,,,,,,,,,,,,,,,,,,,,,,,,
,,,,,,,,,,,,,,,,,,,,,,,,,,,,
,,,,,,,,,,,,,,,,,,,,,,,,,,,,
,,,,,,,,,,,,,,,,,,,,,,,,,,,,
,,,,,,,,,,,,,,,,,,,,,,,,,,,,
,,,,,,,,,,,,,,,,,,,,,,,,,,,,
,,,,,,,,,,,,,,,,,,,,,,,,,,,,
,,,,,,,,,,,,,,,,,,,,,,,,,,,,
,,,,,,,,,,,,,,,,,,,,,,,,,,,,
,,,,,,,,,,,,,,,,,,,,,,,,,,,,
,,,,,,,,,,,,,,,,,,,,,,,,,,,,
,,,,,,,,,,,,,,,,,,,,,,,,,,,,
,,,,,,,,,,,,,,,,,,,,,,,,,,,,
,,,,,,,,,,,,,,,,,,,,,,,,,,,,
,,,,,,,,,,,,,,,,,,,,,,,,,,,,
,,,,,,,,,,,,,,,,,,,,,,,,,,,,
,,,,,,,,,,,,,,,,,,,,,,,,,,,,
,,,,,,,,,,,,,,,,,,,,,,,,,,,,
,,,,,,,,,,,,,,,,,,,,,,,,,,,,
,,,,,,,,,,,,,,,,,,,,,,,,,,,,
,,,,,,,,,,,,,,,,,,,,,,,,,,,,
,,,,,,,,,,,,,,,,,,,,,,,,,,,,
,,,,,,,,,,,,,,,,,,,,,,,,,,,,
,,,,,,,,,,,,,,,,,,,,,,,,,,,,
,,,,,,,,,,,,,,,,,,,,,,,,,,,,
,,,,,,,,,,,,,,,,,,,,,,,,,,,,
,,,,,,,,,,,,,,,,,,,,,,,,,,,,
,,,,,,,,,,,,,,,,,,,,,,,,,,,,
,,,,,,,,,,,,,,,,,,,,,,,,,,,,
,,,,,,,,,,,,,,,,,,,,,,,,,,,,
,,,,,,,,,,,,,,,,,,,,,,,,,,,,
,,,,,,,,,,,,,,,,,,,,,,,,,,,,
,,,,,,,,,,,,,,,,,,,,,,,,,,,,
,,,,,,,,,,,,,,,,,,,,,,,,,,,,
,,,,,,,,,,,,,,,,,,,,,,,,,,,,
,,,,,,,,,,,,,,,,,,,,,,,,,,,,
,,,,,,,,,,,,,,,,,,,,,,,,,,,,
,,,,,,,,,,,,,,,,,,,,,,,,,,,,
,,,,,,,,,,,,,,,,,,,,,,,,,,,,
,,,,,,,,,,,,,,,,,,,,,,,,,,,,
,,,,,,,,,,,,,,,,,,,,,,,,,,,,
,,,,,,,,,,,,,,,,,,,,,,,,,,,,
,,,,,,,,,,,,,,,,,,,,,,,,,,,,
,,,,,,,,,,,,,,,,,,,,,,,,,,,,
,,,,,,,,,,,,,,,,,,,,,,,,,,,,
,,,,,,,,,,,,,,,,,,,,,,,,,,,,
,,,,,,,,,,,,,,,,,,,,,,,,,,,,
,,,,,,,,,,,,,,,,,,,,,,,,,,,,
,,,,,,,,,,,,,,,,,,,,,,,,,,,,
,,,,,,,,,,,,,,,,,,,,,,,,,,,,
,,,,,,,,,,,,,,,,,,,,,,,,,,,,
,,,,,,,,,,,,,,,,,,,,,,,,,,,,
,,,,,,,,,,,,,,,,,,,,,,,,,,,,
,,,,,,,,,,,,,,,,,,,,,,,,,,,,
,,,,,,,,,,,,,,,,,,,,,,,,,,,,
,,,,,,,,,,,,,,,,,,,,,,,,,,,,
,,,,,,,,,,,,,,,,,,,,,,,,,,,,
,,,,,,,,,,,,,,,,,,,,,,,,,,,,
,,,,,,,,,,,,,,,,,,,,,,,,,,,,
,,,,,,,,,,,,,,,,,,,,,,,,,,,,
,,,,,,,,,,,,,,,,,,,,,,,,,,,,
,,,,,,,,,,,,,,,,,,,,,,,,,,,,
,,,,,,,,,,,,,,,,,,,,,,,,,,,,
,,,,,,,,,,,,,,,,,,,,,,,,,,,,
,,,,,,,,,,,,,,,,,,,,,,,,,,,,
,,,,,,,,,,,,,,,,,,,,,,,,,,,,
,,,,,,,,,,,,,,,,,,,,,,,,,,,,
,,,,,,,,,,,,,,,,,,,,,,,,,,,,
,,,,,,,,,,,,,,,,,,,,,,,,,,,,
,,,,,,,,,,,,,,,,,,,,,,,,,,,,
,,,,,,,,,,,,,,,,,,,,,,,,,,,,
,,,,,,,,,,,,,,,,,,,,,,,,,,,,
,,,,,,,,,,,,,,,,,,,,,,,,,,,,
,,,,,,,,,,,,,,,,,,,,,,,,,,,,
,,,,,,,,,,,,,,,,,,,,,,,,,,,,
,,,,,,,,,,,,,,,,,,,,,,,,,,,,
,,,,,,,,,,,,,,,,,,,,,,,,,,,,
,,,,,,,,,,,,,,,,,,,,,,,,,,,,
,,,,,,,,,,,,,,,,,,,,,,,,,,,,
,,,,,,,,,,,,,,,,,,,,,,,,,,,,
,,,,,,,,,,,,,,,,,,,,,,,,,,,,
,,,,,,,,,,,,,,,,,,,,,,,,,,,,
,,,,,,,,,,,,,,,,,,,,,,,,,,,,
,,,,,,,,,,,,,,,,,,,,,,,,,,,,
,,,,,,,,,,,,,,,,,,,,,,,,,,,,
,,,,,,,,,,,,,,,,,,,,,,,,,,,,
,,,,,,,,,,,,,,,,,,,,,,,,,,,,
,,,,,,,,,,,,,,,,,,,,,,,,,,,,
,,,,,,,,,,,,,,,,,,,,,,,,,,,,
,,,,,,,,,,,,,,,,,,,,,,,,,,,,
,,,,,,,,,,,,,,,,,,,,,,,,,,,,
,,,,,,,,,,,,,,,,,,,,,,,,,,,,
,,,,,,,,,,,,,,,,,,,,,,,,,,,,
,,,,,,,,,,,,,,,,,,,,,,,,,,,,
,,,,,,,,,,,,,,,,,,,,,,,,,,,,
,,,,,,,,,,,,,,,,,,,,,,,,,,,,
,,,,,,,,,,,,,,,,,,,,,,,,,,,,
,,,,,,,,,,,,,,,,,,,,,,,,,,,,
,,,,,,,,,,,,,,,,,,,,,,,,,,,,
,,,,,,,,,,,,,,,,,,,,,,,,,,,,
,,,,,,,,,,,,,,,,,,,,,,,,,,,,
,,,,,,,,,,,,,,,,,,,,,,,,,,,,
,,,,,,,,,,,,,,,,,,,,,,,,,,,,
,,,,,,,,,,,,,,,,,,,,,,,,,,,,
,,,,,,,,,,,,,,,,,,,,,,,,,,,,
,,,,,,,,,,,,,,,,,,,,,,,,,,,,
,,,,,,,,,,,,,,,,,,,,,,,,,,,,
,,,,,,,,,,,,,,,,,,,,,,,,,,,,
,,,,,,,,,,,,,,,,,,,,,,,,,,,,
,,,,,,,,,,,,,,,,,,,,,,,,,,,,
,,,,,,,,,,,,,,,,,,,,,,,,,,,,
,,,,,,,,,,,,,,,,,,,,,,,,,,,,
,,,,,,,,,,,,,,,,,,,,,,,,,,,,
,,,,,,,,,,,,,,,,,,,,,,,,,,,,
,,,,,,,,,,,,,,,,,,,,,,,,,,,,
,,,,,,,,,,,,,,,,,,,,,,,,,,,,
,,,,,,,,,,,,,,,,,,,,,,,,,,,,
,,,,,,,,,,,,,,,,,,,,,,,,,,,,
,,,,,,,,,,,,,,,,,,,,,,,,,,,,
,,,,,,,,,,,,,,,,,,,,,,,,,,,,
,,,,,,,,,,,,,,,,,,,,,,,,,,,,
,,,,,,,,,,,,,,,,,,,,,,,,,,,,
,,,,,,,,,,,,,,,,,,,,,,,,,,,,
,,,,,,,,,,,,,,,,,,,,,,,,,,,,
,,,,,,,,,,,,,,,,,,,,,,,,,,,,
,,,,,,,,,,,,,,,,,,,,,,,,,,,,
,,,,,,,,,,,,,,,,,,,,,,,,,,,,
,,,,,,,,,,,,,,,,,,,,,,,,,,,,
,,,,,,,,,,,,,,,,,,,,,,,,,,,,
,,,,,,,,,,,,,,,,,,,,,,,,,,,,
,,,,,,,,,,,,,,,,,,,,,,,,,,,,
,,,,,,,,,,,,,,,,,,,,,,,,,,,,
,,,,,,,,,,,,,,,,,,,,,,,,,,,,
,,,,,,,,,,,,,,,,,,,,,,,,,,,,
,,,,,,,,,,,,,,,,,,,,,,,,,,,,
,,,,,,,,,,,,,,,,,,,,,,,,,,,,
,,,,,,,,,,,,,,,,,,,,,,,,,,,,
,,,,,,,,,,,,,,,,,,,,,,,,,,,,
,,,,,,,,,,,,,,,,,,,,,,,,,,,,
,,,,,,,,,,,,,,,,,,,,,,,,,,,,
,,,,,,,,,,,,,,,,,,,,,,,,,,,,
,,,,,,,,,,,,,,,,,,,,,,,,,,,,
,,,,,,,,,,,,,,,,,,,,,,,,,,,,
,,,,,,,,,,,,,,,,,,,,,,,,,,,,
,,,,,,,,,,,,,,,,,,,,,,,,,,,,
,,,,,,,,,,,,,,,,,,,,,,,,,,,,
,,,,,,,,,,,,,,,,,,,,,,,,,,,,
,,,,,,,,,,,,,,,,,,,,,,,,,,,,
,,,,,,,,,,,,,,,,,,,,,,,,,,,,
,,,,,,,,,,,,,,,,,,,,,,,,,,,,
,,,,,,,,,,,,,,,,,,,,,,,,,,,,
,,,,,,,,,,,,,,,,,,,,,,,,,,,,
,,,,,,,,,,,,,,,,,,,,,,,,,,,,
,,,,,,,,,,,,,,,,,,,,,,,,,,,,
,,,,,,,,,,,,,,,,,,,,,,,,,,,,
,,,,,,,,,,,,,,,,,,,,,,,,,,,,
,,,,,,,,,,,,,,,,,,,,,,,,,,,,
,,,,,,,,,,,,,,,,,,,,,,,,,,,,
,,,,,,,,,,,,,,,,,,,,,,,,,,,,
,,,,,,,,,,,,,,,,,,,,,,,,,,,,
,,,,,,,,,,,,,,,,,,,,,,,,,,,,
,,,,,,,,,,,,,,,,,,,,,,,,,,,,
,,,,,,,,,,,,,,,,,,,,,,,,,,,,
,,,,,,,,,,,,,,,,,,,,,,,,,,,,
,,,,,,,,,,,,,,,,,,,,,,,,,,,,
,,,,,,,,,,,,,,,,,,,,,,,,,,,,
,,,,,,,,,,,,,,,,,,,,,,,,,,,,
,,,,,,,,,,,,,,,,,,,,,,,,,,,,
,,,,,,,,,,,,,,,,,,,,,,,,,,,,
,,,,,,,,,,,,,,,,,,,,,,,,,,,,
,,,,,,,,,,,,,,,,,,,,,,,,,,,,
,,,,,,,,,,,,,,,,,,,,,,,,,,,,
,,,,,,,,,,,,,,,,,,,,,,,,,,,,
,,,,,,,,,,,,,,,,,,,,,,,,,,,,
,,,,,,,,,,,,,,,,,,,,,,,,,,,,
,,,,,,,,,,,,,,,,,,,,,,,,,,,,
,,,,,,,,,,,,,,,,,,,,,,,,,,,,
,,,,,,,,,,,,,,,,,,,,,,,,,,,,
,,,,,,,,,,,,,,,,,,,,,,,,,,,,
,,,,,,,,,,,,,,,,,,,,,,,,,,,,
,,,,,,,,,,,,,,,,,,,,,,,,,,,,
,,,,,,,,,,,,,,,,,,,,,,,,,,,,
,,,,,,,,,,,,,,,,,,,,,,,,,,,,
,,,,,,,,,,,,,,,,,,,,,,,,,,,,
,,,,,,,,,,,,,,,,,,,,,,,,,,,,
,,,,,,,,,,,,,,,,,,,,,,,,,,,,
,,,,,,,,,,,,,,,,,,,,,,,,,,,,
,,,,,,,,,,,,,,,,,,,,,,,,,,,,
,,,,,,,,,,,,,,,,,,,,,,,,,,,,
,,,,,,,,,,,,,,,,,,,,,,,,,,,,
,,,,,,,,,,,,,,,,,,,,,,,,,,,,
,,,,,,,,,,,,,,,,,,,,,,,,,,,,
,,,,,,,,,,,,,,,,,,,,,,,,,,,,
,,,,,,,,,,,,,,,,,,,,,,,,,,,,
,,,,,,,,,,,,,,,,,,,,,,,,,,,,
,,,,,,,,,,,,,,,,,,,,,,,,,,,,
,,,,,,,,,,,,,,,,,,,,,,,,,,,,
,,,,,,,,,,,,,,,,,,,,,,,,,,,,
,,,,,,,,,,,,,,,,,,,,,,,,,,,,
,,,,,,,,,,,,,,,,,,,,,,,,,,,,
,,,,,,,,,,,,,,,,,,,,,,,,,,,,
,,,,,,,,,,,,,,,,,,,,,,,,,,,,
,,,,,,,,,,,,,,,,,,,,,,,,,,,,
,,,,,,,,,,,,,,,,,,,,,,,,,,,,
,,,,,,,,,,,,,,,,,,,,,,,,,,,,
,,,,,,,,,,,,,,,,,,,,,,,,,,,,
,,,,,,,,,,,,,,,,,,,,,,,,,,,,
,,,,,,,,,,,,,,,,,,,,,,,,,,,,
,,,,,,,,,,,,,,,,,,,,,,,,,,,,
,,,,,,,,,,,,,,,,,,,,,,,,,,,,
,,,,,,,,,,,,,,,,,,,,,,,,,,,,
,,,,,,,,,,,,,,,,,,,,,,,,,,,,
,,,,,,,,,,,,,,,,,,,,,,,,,,,,
,,,,,,,,,,,,,,,,,,,,,,,,,,,,
,,,,,,,,,,,,,,,,,,,,,,,,,,,,
,,,,,,,,,,,,,,,,,,,,,,,,,,,,
,,,,,,,,,,,,,,,,,,,,,,,,,,,,
,,,,,,,,,,,,,,,,,,,,,,,,,,,,
,,,,,,,,,,,,,,,,,,,,,,,,,,,,
,,,,,,,,,,,,,,,,,,,,,,,,,,,,
,,,,,,,,,,,,,,,,,,,,,,,,,,,,
,,,,,,,,,,,,,,,,,,,,,,,,,,,,
,,,,,,,,,,,,,,,,,,,,,,,,,,,,
,,,,,,,,,,,,,,,,,,,,,,,,,,,,
,,,,,,,,,,,,,,,,,,,,,,,,,,,,
,,,,,,,,,,,,,,,,,,,,,,,,,,,,
,,,,,,,,,,,,,,,,,,,,,,,,,,,,
,,,,,,,,,,,,,,,,,,,,,,,,,,,,
,,,,,,,,,,,,,,,,,,,,,,,,,,,,
,,,,,,,,,,,,,,,,,,,,,,,,,,,,
,,,,,,,,,,,,,,,,,,,,,,,,,,,,
,,,,,,,,,,,,,,,,,,,,,,,,,,,,
,,,,,,,,,,,,,,,,,,,,,,,,,,,,
,,,,,,,,,,,,,,,,,,,,,,,,,,,,
,,,,,,,,,,,,,,,,,,,,,,,,,,,,
,,,,,,,,,,,,,,,,,,,,,,,,,,,,
,,,,,,,,,,,,,,,,,,,,,,,,,,,,
,,,,,,,,,,,,,,,,,,,,,,,,,,,,
,,,,,,,,,,,,,,,,,,,,,,,,,,,,
,,,,,,,,,,,,,,,,,,,,,,,,,,,,
,,,,,,,,,,,,,,,,,,,,,,,,,,,,
,,,,,,,,,,,,,,,,,,,,,,,,,,,,
,,,,,,,,,,,,,,,,,,,,,,,,,,,,
,,,,,,,,,,,,,,,,,,,,,,,,,,,,
,,,,,,,,,,,,,,,,,,,,,,,,,,,,
,,,,,,,,,,,,,,,,,,,,,,,,,,,,
,,,,,,,,,,,,,,,,,,,,,,,,,,,,
,,,,,,,,,,,,,,,,,,,,,,,,,,,,
,,,,,,,,,,,,,,,,,,,,,,,,,,,,
,,,,,,,,,,,,,,,,,,,,,,,,,,,,
,,,,,,,,,,,,,,,,,,,,,,,,,,,,
,,,,,,,,,,,,,,,,,,,,,,,,,,,,
,,,,,,,,,,,,,,,,,,,,,,,,,,,,
,,,,,,,,,,,,,,,,,,,,,,,,,,,,
,,,,,,,,,,,,,,,,,,,,,,,,,,,,
,,,,,,,,,,,,,,,,,,,,,,,,,,,,
,,,,,,,,,,,,,,,,,,,,,,,,,,,,
,,,,,,,,,,,,,,,,,,,,,,,,,,,,
,,,,,,,,,,,,,,,,,,,,,,,,,,,,
,,,,,,,,,,,,,,,,,,,,,,,,,,,,
,,,,,,,,,,,,,,,,,,,,,,,,,,,,
,,,,,,,,,,,,,,,,,,,,,,,,,,,,
,,,,,,,,,,,,,,,,,,,,,,,,,,,,
,,,,,,,,,,,,,,,,,,,,,,,,,,,,
,,,,,,,,,,,,,,,,,,,,,,,,,,,,
,,,,,,,,,,,,,,,,,,,,,,,,,,,,
,,,,,,,,,,,,,,,,,,,,,,,,,,,,
,,,,,,,,,,,,,,,,,,,,,,,,,,,,
,,,,,,,,,,,,,,,,,,,,,,,,,,,,
,,,,,,,,,,,,,,,,,,,,,,,,,,,,
,,,,,,,,,,,,,,,,,,,,,,,,,,,,
,,,,,,,,,,,,,,,,,,,,,,,,,,,,
,,,,,,,,,,,,,,,,,,,,,,,,,,,,
,,,,,,,,,,,,,,,,,,,,,,,,,,,,
,,,,,,,,,,,,,,,,,,,,,,,,,,,,
,,,,,,,,,,,,,,,,,,,,,,,,,,,,
,,,,,,,,,,,,,,,,,,,,,,,,,,,,
,,,,,,,,,,,,,,,,,,,,,,,,,,,,
,,,,,,,,,,,,,,,,,,,,,,,,,,,,
,,,,,,,,,,,,,,,,,,,,,,,,,,,,
,,,,,,,,,,,,,,,,,,,,,,,,,,,,
,,,,,,,,,,,,,,,,,,,,,,,,,,,,
,,,,,,,,,,,,,,,,,,,,,,,,,,,,
,,,,,,,,,,,,,,,,,,,,,,,,,,,,
,,,,,,,,,,,,,,,,,,,,,,,,,,,,
,,,,,,,,,,,,,,,,,,,,,,,,,,,,
,,,,,,,,,,,,,,,,,,,,,,,,,,,,
,,,,,,,,,,,,,,,,,,,,,,,,,,,,
,,,,,,,,,,,,,,,,,,,,,,,,,,,,
,,,,,,,,,,,,,,,,,,,,,,,,,,,,
,,,,,,,,,,,,,,,,,,,,,,,,,,,,
,,,,,,,,,,,,,,,,,,,,,,,,,,,,
,,,,,,,,,,,,,,,,,,,,,,,,,,,,
,,,,,,,,,,,,,,,,,,,,,,,,,,,,
,,,,,,,,,,,,,,,,,,,,,,,,,,,,
,,,,,,,,,,,,,,,,,,,,,,,,,,,,
,,,,,,,,,,,,,,,,,,,,,,,,,,,,
,,,,,,,,,,,,,,,,,,,,,,,,,,,,
,,,,,,,,,,,,,,,,,,,,,,,,,,,,
,,,,,,,,,,,,,,,,,,,,,,,,,,,,
,,,,,,,,,,,,,,,,,,,,,,,,,,,,
,,,,,,,,,,,,,,,,,,,,,,,,,,,,
,,,,,,,,,,,,,,,,,,,,,,,,,,,,
,,,,,,,,,,,,,,,,,,,,,,,,,,,,
,,,,,,,,,,,,,,,,,,,,,,,,,,,,
,,,,,,,,,,,,,,,,,,,,,,,,,,,,
,,,,,,,,,,,,,,,,,,,,,,,,,,,,
,,,,,,,,,,,,,,,,,,,,,,,,,,,,
,,,,,,,,,,,,,,,,,,,,,,,,,,,,
,,,,,,,,,,,,,,,,,,,,,,,,,,,,
,,,,,,,,,,,,,,,,,,,,,,,,,,,,
,,,,,,,,,,,,,,,,,,,,,,,,,,,,
,,,,,,,,,,,,,,,,,,,,,,,,,,,,
,,,,,,,,,,,,,,,,,,,,,,,,,,,,
,,,,,,,,,,,,,,,,,,,,,,,,,,,,
,,,,,,,,,,,,,,,,,,,,,,,,,,,,
,,,,,,,,,,,,,,,,,,,,,,,,,,,,
,,,,,,,,,,,,,,,,,,,,,,,,,,,,
,,,,,,,,,,,,,,,,,,,,,,,,,,,,
,,,,,,,,,,,,,,,,,,,,,,,,,,,,
,,,,,,,,,,,,,,,,,,,,,,,,,,,,
,,,,,,,,,,,,,,,,,,,,,,,,,,,,
,,,,,,,,,,,,,,,,,,,,,,,,,,,,
,,,,,,,,,,,,,,,,,,,,,,,,,,,,
,,,,,,,,,,,,,,,,,,,,,,,,,,,,
,,,,,,,,,,,,,,,,,,,,,,,,,,,,
,,,,,,,,,,,,,,,,,,,,,,,,,,,,
,,,,,,,,,,,,,,,,,,,,,,,,,,,,
,,,,,,,,,,,,,,,,,,,,,,,,,,,,
,,,,,,,,,,,,,,,,,,,,,,,,,,,,
,,,,,,,,,,,,,,,,,,,,,,,,,,,,
,,,,,,,,,,,,,,,,,,,,,,,,,,,,
,,,,,,,,,,,,,,,,,,,,,,,,,,,,
,,,,,,,,,,,,,,,,,,,,,,,,,,,,
,,,,,,,,,,,,,,,,,,,,,,,,,,,,
,,,,,,,,,,,,,,,,,,,,,,,,,,,,
,,,,,,,,,,,,,,,,,,,,,,,,,,,,
,,,,,,,,,,,,,,,,,,,,,,,,,,,,
,,,,,,,,,,,,,,,,,,,,,,,,,,,,
,,,,,,,,,,,,,,,,,,,,,,,,,,,,
,,,,,,,,,,,,,,,,,,,,,,,,,,,,
,,,,,,,,,,,,,,,,,,,,,,,,,,,,
,,,,,,,,,,,,,,,,,,,,,,,,,,,,
,,,,,,,,,,,,,,,,,,,,,,,,,,,,
,,,,,,,,,,,,,,,,,,,,,,,,,,,,
,,,,,,,,,,,,,,,,,,,,,,,,,,,,
,,,,,,,,,,,,,,,,,,,,,,,,,,,,
,,,,,,,,,,,,,,,,,,,,,,,,,,,,
,,,,,,,,,,,,,,,,,,,,,,,,,,,,
,,,,,,,,,,,,,,,,,,,,,,,,,,,,
,,,,,,,,,,,,,,,,,,,,,,,,,,,,
,,,,,,,,,,,,,,,,,,,,,,,,,,,,
,,,,,,,,,,,,,,,,,,,,,,,,,,,,
,,,,,,,,,,,,,,,,,,,,,,,,,,,,
,,,,,,,,,,,,,,,,,,,,,,,,,,,,
,,,,,,,,,,,,,,,,,,,,,,,,,,,,
,,,,,,,,,,,,,,,,,,,,,,,,,,,,
,,,,,,,,,,,,,,,,,,,,,,,,,,,,
,,,,,,,,,,,,,,,,,,,,,,,,,,,,
,,,,,,,,,,,,,,,,,,,,,,,,,,,,
,,,,,,,,,,,,,,,,,,,,,,,,,,,,
,,,,,,,,,,,,,,,,,,,,,,,,,,,,
,,,,,,,,,,,,,,,,,,,,,,,,,,,,
,,,,,,,,,,,,,,,,,,,,,,,,,,,,
,,,,,,,,,,,,,,,,,,,,,,,,,,,,
,,,,,,,,,,,,,,,,,,,,,,,,,,,,
,,,,,,,,,,,,,,,,,,,,,,,,,,,,
,,,,,,,,,,,,,,,,,,,,,,,,,,,,
,,,,,,,,,,,,,,,,,,,,,,,,,,,,
,,,,,,,,,,,,,,,,,,,,,,,,,,,,
,,,,,,,,,,,,,,,,,,,,,,,,,,,,
,,,,,,,,,,,,,,,,,,,,,,,,,,,,
,,,,,,,,,,,,,,,,,,,,,,,,,,,,
,,,,,,,,,,,,,,,,,,,,,,,,,,,,
,,,,,,,,,,,,,,,,,,,,,,,,,,,,
,,,,,,,,,,,,,,,,,,,,,,,,,,,,
,,,,,,,,,,,,,,,,,,,,,,,,,,,,
,,,,,,,,,,,,,,,,,,,,,,,,,,,,
,,,,,,,,,,,,,,,,,,,,,,,,,,,,
,,,,,,,,,,,,,,,,,,,,,,,,,,,,
,,,,,,,,,,,,,,,,,,,,,,,,,,,,
,,,,,,,,,,,,,,,,,,,,,,,,,,,,
,,,,,,,,,,,,,,,,,,,,,,,,,,,,
,,,,,,,,,,,,,,,,,,,,,,,,,,,,
,,,,,,,,,,,,,,,,,,,,,,,,,,,,
,,,,,,,,,,,,,,,,,,,,,,,,,,,,
,,,,,,,,,,,,,,,,,,,,,,,,,,,,
,,,,,,,,,,,,,,,,,,,,,,,,,,,,
,,,,,,,,,,,,,,,,,,,,,,,,,,,,
,,,,,,,,,,,,,,,,,,,,,,,,,,,,
,,,,,,,,,,,,,,,,,,,,,,,,,,,,
,,,,,,,,,,,,,,,,,,,,,,,,,,,,
,,,,,,,,,,,,,,,,,,,,,,,,,,,,
,,,,,,,,,,,,,,,,,,,,,,,,,,,,
,,,,,,,,,,,,,,,,,,,,,,,,,,,,
,,,,,,,,,,,,,,,,,,,,,,,,,,,,
,,,,,,,,,,,,,,,,,,,,,,,,,,,,
,,,,,,,,,,,,,,,,,,,,,,,,,,,,
,,,,,,,,,,,,,,,,,,,,,,,,,,,,
,,,,,,,,,,,,,,,,,,,,,,,,,,,,
,,,,,,,,,,,,,,,,,,,,,,,,,,,,
,,,,,,,,,,,,,,,,,,,,,,,,,,,,
,,,,,,,,,,,,,,,,,,,,,,,,,,,,
,,,,,,,,,,,,,,,,,,,,,,,,,,,,
,,,,,,,,,,,,,,,,,,,,,,,,,,,,
,,,,,,,,,,,,,,,,,,,,,,,,,,,,
,,,,,,,,,,,,,,,,,,,,,,,,,,,,
,,,,,,,,,,,,,,,,,,,,,,,,,,,,
,,,,,,,,,,,,,,,,,,,,,,,,,,,,
,,,,,,,,,,,,,,,,,,,,,,,,,,,,
,,,,,,,,,,,,,,,,,,,,,,,,,,,,
,,,,,,,,,,,,,,,,,,,,,,,,,,,,
,,,,,,,,,,,,,,,,,,,,,,,,,,,,
,,,,,,,,,,,,,,,,,,,,,,,,,,,,
,,,,,,,,,,,,,,,,,,,,,,,,,,,,
,,,,,,,,,,,,,,,,,,,,,,,,,,,,
,,,,,,,,,,,,,,,,,,,,,,,,,,,,
,,,,,,,,,,,,,,,,,,,,,,,,,,,,
,,,,,,,,,,,,,,,,,,,,,,,,,,,,
,,,,,,,,,,,,,,,,,,,,,,,,,,,,
,,,,,,,,,,,,,,,,,,,,,,,,,,,,
,,,,,,,,,,,,,,,,,,,,,,,,,,,,
,,,,,,,,,,,,,,,,,,,,,,,,,,,,
,,,,,,,,,,,,,,,,,,,,,,,,,,,,
,,,,,,,,,,,,,,,,,,,,,,,,,,,,
,,,,,,,,,,,,,,,,,,,,,,,,,,,,
,,,,,,,,,,,,,,,,,,,,,,,,,,,,
,,,,,,,,,,,,,,,,,,,,,,,,,,,,
,,,,,,,,,,,,,,,,,,,,,,,,,,,,
,,,,,,,,,,,,,,,,,,,,,,,,,,,,
,,,,,,,,,,,,,,,,,,,,,,,,,,,,
,,,,,,,,,,,,,,,,,,,,,,,,,,,,
,,,,,,,,,,,,,,,,,,,,,,,,,,,,
,,,,,,,,,,,,,,,,,,,,,,,,,,,,
,,,,,,,,,,,,,,,,,,,,,,,,,,,,
,,,,,,,,,,,,,,,,,,,,,,,,,,,,
,,,,,,,,,,,,,,,,,,,,,,,,,,,,
,,,,,,,,,,,,,,,,,,,,,,,,,,,,
,,,,,,,,,,,,,,,,,,,,,,,,,,,,
,,,,,,,,,,,,,,,,,,,,,,,,,,,,
,,,,,,,,,,,,,,,,,,,,,,,,,,,,
,,,,,,,,,,,,,,,,,,,,,,,,,,,,
,,,,,,,,,,,,,,,,,,,,,,,,,,,,
,,,,,,,,,,,,,,,,,,,,,,,,,,,,
,,,,,,,,,,,,,,,,,,,,,,,,,,,,
,,,,,,,,,,,,,,,,,,,,,,,,,,,,
,,,,,,,,,,,,,,,,,,,,,,,,,,,,
,,,,,,,,,,,,,,,,,,,,,,,,,,,,
,,,,,,,,,,,,,,,,,,,,,,,,,,,,
,,,,,,,,,,,,,,,,,,,,,,,,,,,,
,,,,,,,,,,,,,,,,,,,,,,,,,,,,
,,,,,,,,,,,,,,,,,,,,,,,,,,,,
,,,,,,,,,,,,,,,,,,,,,,,,,,,,
,,,,,,,,,,,,,,,,,,,,,,,,,,,,
,,,,,,,,,,,,,,,,,,,,,,,,,,,,
,,,,,,,,,,,,,,,,,,,,,,,,,,,,
,,,,,,,,,,,,,,,,,,,,,,,,,,,,
,,,,,,,,,,,,,,,,,,,,,,,,,,,,
,,,,,,,,,,,,,,,,,,,,,,,,,,,,
,,,,,,,,,,,,,,,,,,,,,,,,,,,,
,,,,,,,,,,,,,,,,,,,,,,,,,,,,
,,,,,,,,,,,,,,,,,,,,,,,,,,,,
,,,,,,,,,,,,,,,,,,,,,,,,,,,,
,,,,,,,,,,,,,,,,,,,,,,,,,,,,
,,,,,,,,,,,,,,,,,,,,,,,,,,,,
,,,,,,,,,,,,,,,,,,,,,,,,,,,,
,,,,,,,,,,,,,,,,,,,,,,,,,,,,
,,,,,,,,,,,,,,,,,,,,,,,,,,,,
,,,,,,,,,,,,,,,,,,,,,,,,,,,,
,,,,,,,,,,,,,,,,,,,,,,,,,,,,
,,,,,,,,,,,,,,,,,,,,,,,,,,,,
,,,,,,,,,,,,,,,,,,,,,,,,,,,,
,,,,,,,,,,,,,,,,,,,,,,,,,,,,
,,,,,,,,,,,,,,,,,,,,,,,,,,,,
,,,,,,,,,,,,,,,,,,,,,,,,,,,,
,,,,,,,,,,,,,,,,,,,,,,,,,,,,
,,,,,,,,,,,,,,,,,,,,,,,,,,,,
,,,,,,,,,,,,,,,,,,,,,,,,,,,,
,,,,,,,,,,,,,,,,,,,,,,,,,,,,
,,,,,,,,,,,,,,,,,,,,,,,,,,,,
,,,,,,,,,,,,,,,,,,,,,,,,,,,,
,,,,,,,,,,,,,,,,,,,,,,,,,,,,
,,,,,,,,,,,,,,,,,,,,,,,,,,,,
,,,,,,,,,,,,,,,,,,,,,,,,,,,,
,,,,,,,,,,,,,,,,,,,,,,,,,,,,
,,,,,,,,,,,,,,,,,,,,,,,,,,,,
,,,,,,,,,,,,,,,,,,,,,,,,,,,,
,,,,,,,,,,,,,,,,,,,,,,,,,,,,
,,,,,,,,,,,,,,,,,,,,,,,,,,,,
,,,,,,,,,,,,,,,,,,,,,,,,,,,,
,,,,,,,,,,,,,,,,,,,,,,,,,,,,
,,,,,,,,,,,,,,,,,,,,,,,,,,,,
,,,,,,,,,,,,,,,,,,,,,,,,,,,,
,,,,,,,,,,,,,,,,,,,,,,,,,,,,
,,,,,,,,,,,,,,,,,,,,,,,,,,,,
,,,,,,,,,,,,,,,,,,,,,,,,,,,,
,,,,,,,,,,,,,,,,,,,,,,,,,,,,
,,,,,,,,,,,,,,,,,,,,,,,,,,,,
,,,,,,,,,,,,,,,,,,,,,,,,,,,,
,,,,,,,,,,,,,,,,,,,,,,,,,,,,
,,,,,,,,,,,,,,,,,,,,,,,,,,,,
,,,,,,,,,,,,,,,,,,,,,,,,,,,,
,,,,,,,,,,,,,,,,,,,,,,,,,,,,
,,,,,,,,,,,,,,,,,,,,,,,,,,,,
,,,,,,,,,,,,,,,,,,,,,,,,,,,,
,,,,,,,,,,,,,,,,,,,,,,,,,,,,
,,,,,,,,,,,,,,,,,,,,,,,,,,,,
,,,,,,,,,,,,,,,,,,,,,,,,,,,,
,,,,,,,,,,,,,,,,,,,,,,,,,,,,
,,,,,,,,,,,,,,,,,,,,,,,,,,,,
,,,,,,,,,,,,,,,,,,,,,,,,,,,,
,,,,,,,,,,,,,,,,,,,,,,,,,,,,
,,,,,,,,,,,,,,,,,,,,,,,,,,,,
,,,,,,,,,,,,,,,,,,,,,,,,,,,,
,,,,,,,,,,,,,,,,,,,,,,,,,,,,
,,,,,,,,,,,,,,,,,,,,,,,,,,,,
,,,,,,,,,,,,,,,,,,,,,,,,,,,,
,,,,,,,,,,,,,,,,,,,,,,,,,,,,
,,,,,,,,,,,,,,,,,,,,,,,,,,,,
,,,,,,,,,,,,,,,,,,,,,,,,,,,,
,,,,,,,,,,,,,,,,,,,,,,,,,,,,
,,,,,,,,,,,,,,,,,,,,,,,,,,,,
,,,,,,,,,,,,,,,,,,,,,,,,,,,,
,,,,,,,,,,,,,,,,,,,,,,,,,,,,
,,,,,,,,,,,,,,,,,,,,,,,,,,,,
,,,,,,,,,,,,,,,,,,,,,,,,,,,,
,,,,,,,,,,,,,,,,,,,,,,,,,,,,
,,,,,,,,,,,,,,,,,,,,,,,,,,,,
,,,,,,,,,,,,,,,,,,,,,,,,,,,,
,,,,,,,,,,,,,,,,,,,,,,,,,,,,
,,,,,,,,,,,,,,,,,,,,,,,,,,,,
,,,,,,,,,,,,,,,,,,,,,,,,,,,,
,,,,,,,,,,,,,,,,,,,,,,,,,,,,
,,,,,,,,,,,,,,,,,,,,,,,,,,,,
,,,,,,,,,,,,,,,,,,,,,,,,,,,,
,,,,,,,,,,,,,,,,,,,,,,,,,,,,
,,,,,,,,,,,,,,,,,,,,,,,,,,,,
,,,,,,,,,,,,,,,,,,,,,,,,,,,,
,,,,,,,,,,,,,,,,,,,,,,,,,,,,
,,,,,,,,,,,,,,,,,,,,,,,,,,,,
,,,,,,,,,,,,,,,,,,,,,,,,,,,,
,,,,,,,,,,,,,,,,,,,,,,,,,,,,
,,,,,,,,,,,,,,,,,,,,,,,,,,,,
,,,,,,,,,,,,,,,,,,,,,,,,,,,,
,,,,,,,,,,,,,,,,,,,,,,,,,,,,
,,,,,,,,,,,,,,,,,,,,,,,,,,,,
,,,,,,,,,,,,,,,,,,,,,,,,,,,,
,,,,,,,,,,,,,,,,,,,,,,,,,,,,
,,,,,,,,,,,,,,,,,,,,,,,,,,,,
,,,,,,,,,,,,,,,,,,,,,,,,,,,,
,,,,,,,,,,,,,,,,,,,,,,,,,,,,
,,,,,,,,,,,,,,,,,,,,,,,,,,,,
,,,,,,,,,,,,,,,,,,,,,,,,,,,,
,,,,,,,,,,,,,,,,,,,,,,,,,,,,
,,,,,,,,,,,,,,,,,,,,,,,,,,,,
,,,,,,,,,,,,,,,,,,,,,,,,,,,,
,,,,,,,,,,,,,,,,,,,,,,,,,,,,
,,,,,,,,,,,,,,,,,,,,,,,,,,,,
,,,,,,,,,,,,,,,,,,,,,,,,,,,,
,,,,,,,,,,,,,,,,,,,,,,,,,,,,
,,,,,,,,,,,,,,,,,,,,,,,,,,,,
,,,,,,,,,,,,,,,,,,,,,,,,,,,,
,,,,,,,,,,,,,,,,,,,,,,,,,,,,
,,,,,,,,,,,,,,,,,,,,,,,,,,,,
,,,,,,,,,,,,,,,,,,,,,,,,,,,,
,,,,,,,,,,,,,,,,,,,,,,,,,,,,
,,,,,,,,,,,,,,,,,,,,,,,,,,,,
,,,,,,,,,,,,,,,,,,,,,,,,,,,,
,,,,,,,,,,,,,,,,,,,,,,,,,,,,
,,,,,,,,,,,,,,,,,,,,,,,,,,,,
,,,,,,,,,,,,,,,,,,,,,,,,,,,,
,,,,,,,,,,,,,,,,,,,,,,,,,,,,
,,,,,,,,,,,,,,,,,,,,,,,,,,,,
,,,,,,,,,,,,,,,,,,,,,,,,,,,,
,,,,,,,,,,,,,,,,,,,,,,,,,,,,
,,,,,,,,,,,,,,,,,,,,,,,,,,,,
,,,,,,,,,,,,,,,,,,,,,,,,,,,,
,,,,,,,,,,,,,,,,,,,,,,,,,,,,
,,,,,,,,,,,,,,,,,,,,,,,,,,,,
,,,,,,,,,,,,,,,,,,,,,,,,,,,,
,,,,,,,,,,,,,,,,,,,,,,,,,,,,
,,,,,,,,,,,,,,,,,,,,,,,,,,,,
,,,,,,,,,,,,,,,,,,,,,,,,,,,,
,,,,,,,,,,,,,,,,,,,,,,,,,,,,
,,,,,,,,,,,,,,,,,,,,,,,,,,,,
,,,,,,,,,,,,,,,,,,,,,,,,,,,,
,,,,,,,,,,,,,,,,,,,,,,,,,,,,
,,,,,,,,,,,,,,,,,,,,,,,,,,,,
,,,,,,,,,,,,,,,,,,,,,,,,,,,,
,,,,,,,,,,,,,,,,,,,,,,,,,,,,
,,,,,,,,,,,,,,,,,,,,,,,,,,,,
,,,,,,,,,,,,,,,,,,,,,,,,,,,,
,,,,,,,,,,,,,,,,,,,,,,,,,,,,
,,,,,,,,,,,,,,,,,,,,,,,,,,,,
,,,,,,,,,,,,,,,,,,,,,,,,,,,,
,,,,,,,,,,,,,,,,,,,,,,,,,,,,
,,,,,,,,,,,,,,,,,,,,,,,,,,,,
,,,,,,,,,,,,,,,,,,,,,,,,,,,,
,,,,,,,,,,,,,,,,,,,,,,,,,,,,
,,,,,,,,,,,,,,,,,,,,,,,,,,,,
,,,,,,,,,,,,,,,,,,,,,,,,,,,,
,,,,,,,,,,,,,,,,,,,,,,,,,,,,
,,,,,,,,,,,,,,,,,,,,,,,,,,,,
,,,,,,,,,,,,,,,,,,,,,,,,,,,,
,,,,,,,,,,,,,,,,,,,,,,,,,,,,
,,,,,,,,,,,,,,,,,,,,,,,,,,,,
,,,,,,,,,,,,,,,,,,,,,,,,,,,,
,,,,,,,,,,,,,,,,,,,,,,,,,,,,
,,,,,,,,,,,,,,,,,,,,,,,,,,,,
,,,,,,,,,,,,,,,,,,,,,,,,,,,,
,,,,,,,,,,,,,,,,,,,,,,,,,,,,
,,,,,,,,,,,,,,,,,,,,,,,,,,,,
,,,,,,,,,,,,,,,,,,,,,,,,,,,,
,,,,,,,,,,,,,,,,,,,,,,,,,,,,
,,,,,,,,,,,,,,,,,,,,,,,,,,,,
,,,,,,,,,,,,,,,,,,,,,,,,,,,,
,,,,,,,,,,,,,,,,,,,,,,,,,,,,
,,,,,,,,,,,,,,,,,,,,,,,,,,,,
,,,,,,,,,,,,,,,,,,,,,,,,,,,,
,,,,,,,,,,,,,,,,,,,,,,,,,,,,
,,,,,,,,,,,,,,,,,,,,,,,,,,,,
,,,,,,,,,,,,,,,,,,,,,,,,,,,,
,,,,,,,,,,,,,,,,,,,,,,,,,,,,
,,,,,,,,,,,,,,,,,,,,,,,,,,,,
,,,,,,,,,,,,,,,,,,,,,,,,,,,,
,,,,,,,,,,,,,,,,,,,,,,,,,,,,
,,,,,,,,,,,,,,,,,,,,,,,,,,,,
,,,,,,,,,,,,,,,,,,,,,,,,,,,,
,,,,,,,,,,,,,,,,,,,,,,,,,,,,
,,,,,,,,,,,,,,,,,,,,,,,,,,,,
,,,,,,,,,,,,,,,,,,,,,,,,,,,,
,,,,,,,,,,,,,,,,,,,,,,,,,,,,
,,,,,,,,,,,,,,,,,,,,,,,,,,,,
,,,,,,,,,,,,,,,,,,,,,,,,,,,,
,,,,,,,,,,,,,,,,,,,,,,,,,,,,
,,,,,,,,,,,,,,,,,,,,,,,,,,,,
,,,,,,,,,,,,,,,,,,,,,,,,,,,,
,,,,,,,,,,,,,,,,,,,,,,,,,,,,
,,,,,,,,,,,,,,,,,,,,,,,,,,,,
,,,,,,,,,,,,,,,,,,,,,,,,,,,,
,,,,,,,,,,,,,,,,,,,,,,,,,,,,
,,,,,,,,,,,,,,,,,,,,,,,,,,,,
,,,,,,,,,,,,,,,,,,,,,,,,,,,,
,,,,,,,,,,,,,,,,,,,,,,,,,,,,
,,,,,,,,,,,,,,,,,,,,,,,,,,,,
,,,,,,,,,,,,,,,,,,,,,,,,,,,,
,,,,,,,,,,,,,,,,,,,,,,,,,,,,
,,,,,,,,,,,,,,,,,,,,,,,,,,,,
,,,,,,,,,,,,,,,,,,,,,,,,,,,,
,,,,,,,,,,,,,,,,,,,,,,,,,,,,
,,,,,,,,,,,,,,,,,,,,,,,,,,,,
,,,,,,,,,,,,,,,,,,,,,,,,,,,,
,,,,,,,,,,,,,,,,,,,,,,,,,,,,
,,,,,,,,,,,,,,,,,,,,,,,,,,,,
,,,,,,,,,,,,,,,,,,,,,,,,,,,,
,,,,,,,,,,,,,,,,,,,,,,,,,,,,
,,,,,,,,,,,,,,,,,,,,,,,,,,,,
,,,,,,,,,,,,,,,,,,,,,,,,,,,,
,,,,,,,,,,,,,,,,,,,,,,,,,,,,
,,,,,,,,,,,,,,,,,,,,,,,,,,,,
,,,,,,,,,,,,,,,,,,,,,,,,,,,,
,,,,,,,,,,,,,,,,,,,,,,,,,,,,
,,,,,,,,,,,,,,,,,,,,,,,,,,,,
,,,,,,,,,,,,,,,,,,,,,,,,,,,,
,,,,,,,,,,,,,,,,,,,,,,,,,,,,
,,,,,,,,,,,,,,,,,,,,,,,,,,,,
,,,,,,,,,,,,,,,,,,,,,,,,,,,,
,,,,,,,,,,,,,,,,,,,,,,,,,,,,
,,,,,,,,,,,,,,,,,,,,,,,,,,,,
,,,,,,,,,,,,,,,,,,,,,,,,,,,,
,,,,,,,,,,,,,,,,,,,,,,,,,,,,
,,,,,,,,,,,,,,,,,,,,,,,,,,,,
,,,,,,,,,,,,,,,,,,,,,,,,,,,,
,,,,,,,,,,,,,,,,,,,,,,,,,,,,
,,,,,,,,,,,,,,,,,,,,,,,,,,,,
,,,,,,,,,,,,,,,,,,,,,,,,,,,,
,,,,,,,,,,,,,,,,,,,,,,,,,,,,
,,,,,,,,,,,,,,,,,,,,,,,,,,,,
,,,,,,,,,,,,,,,,,,,,,,,,,,,,
,,,,,,,,,,,,,,,,,,,,,,,,,,,,
,,,,,,,,,,,,,,,,,,,,,,,,,,,,
,,,,,,,,,,,,,,,,,,,,,,,,,,,,
,,,,,,,,,,,,,,,,,,,,,,,,,,,,
,,,,,,,,,,,,,,,,,,,,,,,,,,,,
,,,,,,,,,,,,,,,,,,,,,,,,,,,,
,,,,,,,,,,,,,,,,,,,,,,,,,,,,
,,,,,,,,,,,,,,,,,,,,,,,,,,,,
,,,,,,,,,,,,,,,,,,,,,,,,,,,,
,,,,,,,,,,,,,,,,,,,,,,,,,,,,
,,,,,,,,,,,,,,,,,,,,,,,,,,,,
,,,,,,,,,,,,,,,,,,,,,,,,,,,,
,,,,,,,,,,,,,,,,,,,,,,,,,,,,
,,,,,,,,,,,,,,,,,,,,,,,,,,,,
,,,,,,,,,,,,,,,,,,,,,,,,,,,,
,,,,,,,,,,,,,,,,,,,,,,,,,,,,
,,,,,,,,,,,,,,,,,,,,,,,,,,,,
,,,,,,,,,,,,,,,,,,,,,,,,,,,,
,,,,,,,,,,,,,,,,,,,,,,,,,,,,
,,,,,,,,,,,,,,,,,,,,,,,,,,,,
,,,,,,,,,,,,,,,,,,,,,,,,,,,,
,,,,,,,,,,,,,,,,,,,,,,,,,,,,
,,,,,,,,,,,,,,,,,,,,,,,,,,,,
,,,,,,,,,,,,,,,,,,,,,,,,,,,,
,,,,,,,,,,,,,,,,,,,,,,,,,,,,
,,,,,,,,,,,,,,,,,,,,,,,,,,,,
,,,,,,,,,,,,,,,,,,,,,,,,,,,,
,,,,,,,,,,,,,,,,,,,,,,,,,,,,
,,,,,,,,,,,,,,,,,,,,,,,,,,,,
,,,,,,,,,,,,,,,,,,,,,,,,,,,,
,,,,,,,,,,,,,,,,,,,,,,,,,,,,
,,,,,,,,,,,,,,,,,,,,,,,,,,,,
,,,,,,,,,,,,,,,,,,,,,,,,,,,,
,,,,,,,,,,,,,,,,,,,,,,,,,,,,
,,,,,,,,,,,,,,,,,,,,,,,,,,,,
,,,,,,,,,,,,,,,,,,,,,,,,,,,,
,,,,,,,,,,,,,,,,,,,,,,,,,,,,
,,,,,,,,,,,,,,,,,,,,,,,,,,,,
,,,,,,,,,,,,,,,,,,,,,,,,,,,,
,,,,,,,,,,,,,,,,,,,,,,,,,,,,
,,,,,,,,,,,,,,,,,,,,,,,,,,,,
,,,,,,,,,,,,,,,,,,,,,,,,,,,,
,,,,,,,,,,,,,,,,,,,,,,,,,,,,
,,,,,,,,,,,,,,,,,,,,,,,,,,,,
,,,,,,,,,,,,,,,,,,,,,,,,,,,,
,,,,,,,,,,,,,,,,,,,,,,,,,,,,
,,,,,,,,,,,,,,,,,,,,,,,,,,,,
,,,,,,,,,,,,,,,,,,,,,,,,,,,,
,,,,,,,,,,,,,,,,,,,,,,,,,,,,
,,,,,,,,,,,,,,,,,,,,,,,,,,,,
,,,,,,,,,,,,,,,,,,,,,,,,,,,,
,,,,,,,,,,,,,,,,,,,,,,,,,,,,
,,,,,,,,,,,,,,,,,,,,,,,,,,,,
,,,,,,,,,,,,,,,,,,,,,,,,,,,,
,,,,,,,,,,,,,,,,,,,,,,,,,,,,
,,,,,,,,,,,,,,,,,,,,,,,,,,,,
,,,,,,,,,,,,,,,,,,,,,,,,,,,,
,,,,,,,,,,,,,,,,,,,,,,,,,,,,
,,,,,,,,,,,,,,,,,,,,,,,,,,,,
,,,,,,,,,,,,,,,,,,,,,,,,,,,,
,,,,,,,,,,,,,,,,,,,,,,,,,,,,
,,,,,,,,,,,,,,,,,,,,,,,,,,,,
,,,,,,,,,,,,,,,,,,,,,,,,,,,,
,,,,,,,,,,,,,,,,,,,,,,,,,,,,
,,,,,,,,,,,,,,,,,,,,,,,,,,,,
,,,,,,,,,,,,,,,,,,,,,,,,,,,,
,,,,,,,,,,,,,,,,,,,,,,,,,,,,
,,,,,,,,,,,,,,,,,,,,,,,,,,,,
,,,,,,,,,,,,,,,,,,,,,,,,,,,,
,,,,,,,,,,,,,,,,,,,,,,,,,,,,
,,,,,,,,,,,,,,,,,,,,,,,,,,,,
,,,,,,,,,,,,,,,,,,,,,,,,,,,,
,,,,,,,,,,,,,,,,,,,,,,,,,,,,
,,,,,,,,,,,,,,,,,,,,,,,,,,,,
